/*M!999999\- enable the sandbox mode */ 
-- MariaDB dump 10.19-12.2.2-MariaDB, for Win64 (AMD64)
--
-- Host: localhost    Database: clash_tabola_bale
-- ------------------------------------------------------
-- Server version	12.2.2-MariaDB

/*!40101 SET @OLD_CHARACTER_SET_CLIENT=@@CHARACTER_SET_CLIENT */;
/*!40101 SET @OLD_CHARACTER_SET_RESULTS=@@CHARACTER_SET_RESULTS */;
/*!40101 SET @OLD_COLLATION_CONNECTION=@@COLLATION_CONNECTION */;
/*!40101 SET NAMES utf8mb4 */;
/*!40103 SET @OLD_TIME_ZONE=@@TIME_ZONE */;
/*!40103 SET TIME_ZONE='+00:00' */;
/*!40014 SET @OLD_UNIQUE_CHECKS=@@UNIQUE_CHECKS, UNIQUE_CHECKS=0 */;
/*!40014 SET @OLD_FOREIGN_KEY_CHECKS=@@FOREIGN_KEY_CHECKS, FOREIGN_KEY_CHECKS=0 */;
/*!40101 SET @OLD_SQL_MODE=@@SQL_MODE, SQL_MODE='NO_AUTO_VALUE_ON_ZERO' */;
/*M!100616 SET @OLD_NOTE_VERBOSITY=@@NOTE_VERBOSITY, NOTE_VERBOSITY=0 */;

--
-- Table structure for table `akun`
--

DROP TABLE IF EXISTS `akun`;
/*!40101 SET @saved_cs_client     = @@character_set_client */;
/*!40101 SET character_set_client = utf8mb4 */;
CREATE TABLE `akun` (
  `akun_id` int(11) NOT NULL,
  `username` varchar(50) NOT NULL,
  `kata_sandi` varchar(255) NOT NULL,
  `jumlah_emas` int(11) DEFAULT 0,
  `jumlah_piala` int(11) DEFAULT 0,
  `role` varchar(20) DEFAULT NULL,
  `waktu_bergabung` datetime DEFAULT NULL,
  `klan_id` int(11) DEFAULT NULL,
  PRIMARY KEY (`akun_id`),
  UNIQUE KEY `username` (`username`),
  KEY `klan_id` (`klan_id`),
  CONSTRAINT `1` FOREIGN KEY (`klan_id`) REFERENCES `klan` (`klan_id`) ON DELETE SET NULL
) ENGINE=InnoDB DEFAULT CHARSET=utf8mb4 COLLATE=utf8mb4_unicode_ci;
/*!40101 SET character_set_client = @saved_cs_client */;

--
-- Dumping data for table `akun`
--

SET @OLD_AUTOCOMMIT=@@AUTOCOMMIT, @@AUTOCOMMIT=0;
LOCK TABLES `akun` WRITE;
/*!40000 ALTER TABLE `akun` DISABLE KEYS */;
INSERT INTO `akun` VALUES
(1,'rainaldi','$2b$10$hashed_fixed',8644,3200,'Anggota','2025-04-16 23:48:32',1),
(2,'jonathan_ab','$2b$10$hashed_fixed',2697,2800,'Pemimpin','2025-01-20 13:13:46',1),
(3,'rafi_akbar','$2b$10$hashed_fixed',2970,3800,'Anggota','2025-10-08 12:05:31',1),
(4,'dika_p','$2b$10$hashed_fixed',6966,2300,'Anggota','2024-12-16 14:13:34',1),
(5,'rinofaros','$2b$10$hashed_fixed',8354,3000,'Anggota','2026-03-22 18:54:58',1),
(6,'widiastutiirma390','$2b$10$d94a824497aa9dd72fbac5',9743,926,'Anggota','2025-10-28 03:56:06',20),
(7,'mansurkarsana62','$2b$10$3d5b868ddd349cd46de19b',6808,1250,'Anggota','2024-11-23 19:35:22',3),
(8,'puspasarigalang161','$2b$10$4fa8007e8c94c240e4673e',2459,682,'Pemimpin','2024-08-31 03:57:32',15),
(9,'mahfudputra706','$2b$10$77064a810008a277c35ff7',1069,1349,'Anggota','2024-12-25 14:03:34',10),
(10,'cornelia74720','$2b$10$5032d3730b7e9d89a7f6ef',7648,3036,'Anggota','2025-02-14 23:18:40',21),
(11,'iswahyudirachel604','$2b$10$75d785f82d32eaab89ab1f',13930,1901,'Anggota','2024-06-27 07:10:14',21),
(12,'bakidin05153','$2b$10$d31fbb52abd7676797165f',2339,3672,'Anggota','2024-04-02 15:28:02',10),
(13,'gaman78610','$2b$10$b6afdd925f58f802d83d25',9457,2691,'Anggota','2025-11-13 04:49:38',23),
(14,'kusumocakrawangsa312','$2b$10$e11fab388bc9c4f154d4e2',16399,1939,'Anggota','2026-04-18 19:58:18',3),
(15,'hafshahfirgantoro613','$2b$10$a68437c56da2c432c5e2af',10561,221,'Pemimpin','2025-01-23 22:23:31',8),
(16,'satyamahendra985','$2b$10$0233b09fea76727f70f13f',19238,2094,NULL,'2024-02-02 05:26:47',NULL),
(17,'bahuwirya53689','$2b$10$6fedec2ea3d1f6710df61c',1318,3295,'Anggota','2024-09-29 03:35:01',21),
(18,'thamrinira453','$2b$10$5a186465353f7228d0f2de',19180,3692,'Anggota','2025-11-08 02:58:12',16),
(19,'vsafitri993','$2b$10$c9bf5f62dfcac39353bde0',13380,328,'Anggota','2025-06-01 18:38:15',4),
(20,'gamaninugroho879','$2b$10$0376c882d0051dfaabaf62',16235,360,'Anggota','2025-03-23 17:32:17',13),
(21,'nugrohomulya834','$2b$10$8802bc7ed966697dfc22d2',14903,2418,'Pemimpin','2024-05-16 19:06:25',11),
(22,'vwinarsih119','$2b$10$63f6c5250d7945d3efbdb1',16862,4406,'Pemimpin','2024-01-02 18:54:53',18),
(23,'galuh16474','$2b$10$fde550e7b855cce2a07601',16988,796,'Anggota','2025-07-16 00:06:43',16),
(24,'mprasetya641','$2b$10$553c38afd9d12bdd9d94d6',6670,726,'Anggota','2025-02-18 20:34:41',30),
(25,'ttampubolon295','$2b$10$0ab6d0b5f5e47258181ac7',3978,948,NULL,'2024-02-14 20:19:50',NULL),
(26,'ivandongoran624','$2b$10$4f509ad079c3186cda0616',10182,2481,'Wakil Pemimpin','2024-01-22 05:49:15',3),
(27,'rsitompul231','$2b$10$2805ecb28b0b1642307325',15120,5058,'Wakil Pemimpin','2024-07-01 11:27:19',5),
(28,'nardi86511','$2b$10$2a499be84df5cb32dd363a',16674,3749,'Anggota','2025-02-28 18:01:08',16),
(29,'asman14484','$2b$10$2c68108a4d4ce6c2633c60',4739,682,'Anggota','2025-08-18 21:07:23',20),
(30,'bahuwarna19521','$2b$10$2c69062f54415a4686f6df',2287,2469,'Wakil Pemimpin','2025-03-05 03:14:58',28),
(31,'teddy98425','$2b$10$7f017e2e59d3541f989391',8754,659,'Anggota','2024-01-04 23:38:23',10),
(32,'kacunggunawan858','$2b$10$8a60bbf2e0ab7eeee1a036',4869,1450,'Anggota','2025-11-24 16:29:36',12),
(33,'nurdiyantigenta341','$2b$10$1ec825d89dde6810e135dd',12360,1478,NULL,'2025-12-08 08:28:39',NULL),
(34,'ozyastuti891','$2b$10$d4235456dcb0b9f0d79266',18736,272,'Anggota','2025-08-17 22:11:17',25),
(35,'padmi51421','$2b$10$3f5c50191f051761186cf6',12492,242,NULL,'2025-08-22 18:03:32',NULL),
(36,'cinthia46812','$2b$10$6449cfead57b5c3e281ecc',16230,3077,'Anggota','2024-02-27 12:11:28',19),
(37,'irma23340','$2b$10$9d81c78c9fe8afe29ed682',3267,3225,NULL,'2026-03-28 00:52:39',NULL),
(38,'vwastuti16','$2b$10$c8bde11fb5aee36a3df785',5058,2609,'Anggota','2024-04-26 05:47:57',9),
(39,'rosman80347','$2b$10$ecd37d98f68e75b3e50b07',2631,2003,'Anggota','2025-05-25 09:48:46',28),
(40,'satyaprastuti547','$2b$10$86e6caefb891d12ee15288',15989,862,'Anggota','2026-04-20 10:32:20',3),
(41,'wadi77241','$2b$10$a82c339449e4e1fcafa53e',7454,1947,'Anggota','2024-05-20 09:35:08',4),
(42,'qnarpati779','$2b$10$64cb8433919623f677ae95',14538,1851,'Anggota','2024-09-15 10:31:43',29),
(43,'cengkir3430','$2b$10$f4c3443aed80021c785710',9613,28,'Wakil Pemimpin','2025-07-10 20:28:55',5),
(44,'emildongoran251','$2b$10$2e38e4296d4348d184534a',5900,1489,'Pemimpin','2024-09-21 01:26:59',20),
(45,'xsuryatmi892','$2b$10$81bc7b75d51c6b9727ac57',16307,823,'Anggota','2024-08-10 07:48:55',21),
(46,'kusamah261','$2b$10$a150d8b9bf9c9dacb21db3',15245,704,'Anggota','2025-03-22 19:41:08',6),
(47,'zlailasari76','$2b$10$4b6044651ae2183086afae',19253,876,'Anggota','2025-04-09 17:16:43',14),
(48,'kurniawansoleh707','$2b$10$110794c7ccc130ecd87fef',6527,554,'Wakil Pemimpin','2025-08-20 14:24:13',4),
(49,'jhardiansyah243','$2b$10$6f94f1ece124293c632669',18835,883,NULL,'2025-04-04 14:55:19',NULL),
(50,'hasanahemas303','$2b$10$ede619d6df04202952e118',8994,202,'Wakil Pemimpin','2024-01-13 13:54:50',22),
(51,'timbul98797','$2b$10$69dacb734131ec3f0d9972',19870,2425,'Anggota','2026-02-10 15:20:07',29),
(52,'vmanullang294','$2b$10$7fa0aaf28b23d49f3142a6',19892,2517,'Wakil Pemimpin','2025-07-01 07:28:38',7),
(53,'wrajata636','$2b$10$2235f9cad800809d1f8a66',3183,470,'Anggota','2024-03-02 05:46:48',15),
(54,'eva7335','$2b$10$26aa911bed8acb2809b3fc',2953,1267,'Anggota','2025-04-03 10:30:54',14),
(55,'suwarnojarwadi180','$2b$10$41520ae44dd838f798d3f5',11988,676,'Anggota','2026-04-04 15:36:39',9),
(56,'gina12851','$2b$10$3f786add60dffb212aa713',9671,396,'Anggota','2025-06-10 04:13:11',15),
(57,'tmangunsong987','$2b$10$244a6776e09639ca480e62',13022,115,'Anggota','2025-07-22 05:04:56',13),
(58,'vwasita15','$2b$10$40699a392bbe3db4e07dcd',14902,463,'Pemimpin','2025-07-26 13:52:09',22),
(59,'nhalim269','$2b$10$a139e6134cd30439e11c07',3550,1390,'Penatua','2024-12-29 05:30:44',20),
(60,'spadmasari906','$2b$10$e9b09edb801baa927dbb25',19991,3767,'Anggota','2024-12-09 21:10:02',21),
(61,'akuswandari844','$2b$10$9988e6c3ab180899dbfcc4',13379,854,'Anggota','2024-06-30 05:59:39',2),
(62,'purwadi68312','$2b$10$2f68408b2d91ae83987855',3184,5059,'Anggota','2024-12-30 17:58:46',5),
(63,'ayuprasetya398','$2b$10$f86dc66283e099bca72c6e',13733,976,'Pemimpin','2024-08-28 01:01:52',21),
(64,'ydabukke102','$2b$10$ff1948e6f801b76c0828f2',9166,3208,'Pemimpin','2024-02-20 19:45:05',7),
(65,'dmarbun455','$2b$10$bf6580570b4c66ab41256a',11884,820,NULL,'2024-06-03 08:12:31',NULL),
(66,'wijayamaida377','$2b$10$345df0ba49e1b385a7ec90',1984,1383,'Pemimpin','2025-09-10 11:43:18',4),
(67,'hutasoitsyahrini972','$2b$10$62122cec36df9e86133c1a',3003,3232,'Anggota','2024-11-25 11:52:40',20),
(68,'dnajmudin995','$2b$10$2e8dcf830399bf578cb5d1',7981,170,'Penatua','2024-07-14 14:46:57',7),
(69,'indra7571','$2b$10$33e2ff6d1e0fea584dfd6d',6788,3283,'Anggota','2024-12-01 11:14:59',8),
(70,'wsetiawan337','$2b$10$dda1c29b1d0db1d51015ec',9085,2401,NULL,'2024-08-12 18:21:31',NULL),
(71,'framadan554','$2b$10$fa5611f364a214c325d483',3602,489,'Penatua','2024-02-10 01:09:13',12),
(72,'tampubolonikin809','$2b$10$20146cd2d9468b6918d8c1',517,2565,'Anggota','2024-09-27 16:22:09',5),
(73,'dabukkejumari760','$2b$10$1a9269831b04e87fd61463',2082,758,'Anggota','2026-01-09 19:44:11',12),
(74,'oktavianigaduh526','$2b$10$a14ea5be5ded6867772d1b',16509,1431,NULL,'2024-12-10 03:58:24',NULL),
(75,'hwinarsih45','$2b$10$7ac7634ff2c99c15ed80ff',9883,2666,'Anggota','2025-12-12 13:03:46',1),
(76,'wadirajasa63','$2b$10$5a4012796ea696e317fc9c',13968,5205,'Anggota','2024-06-16 17:06:31',30),
(77,'nilamsudiati455','$2b$10$6daada84ebcfbb53fdda5c',10554,41,'Anggota','2024-08-18 10:17:09',9),
(78,'marpaungluthfi640','$2b$10$a91289bdc98e8bbd37a13d',10655,2080,NULL,'2025-08-14 17:08:42',NULL),
(79,'saragihkasiyah544','$2b$10$57c706893600c3551815c2',19838,658,'Pemimpin','2025-10-30 06:59:36',23),
(80,'twidodo118','$2b$10$13468b81013390aa718632',7045,3282,'Anggota','2025-10-30 02:10:10',8),
(81,'damusihombing424','$2b$10$8a41e0650415ef760ec3b7',13065,632,'Anggota','2025-10-08 05:13:05',11),
(82,'pratiwibakda438','$2b$10$fad458643861ef5cebcad3',12265,530,'Anggota','2024-08-25 02:47:29',16),
(83,'xwijayanti69','$2b$10$82c90bbf3202bc65ba23f0',3054,193,'Pemimpin','2025-11-01 21:31:25',24),
(84,'ajiono67382','$2b$10$c4551d1693982ba3fb0668',1965,3284,'Anggota','2025-05-27 02:05:34',14),
(85,'rahmi72363','$2b$10$b19b1ec1075932dbc335fa',1685,3216,'Anggota','2025-03-22 19:36:05',12),
(86,'patricia87107','$2b$10$5389ff817f2a76788f8429',5070,1308,'Anggota','2026-01-19 01:19:25',4),
(87,'mariadi31359','$2b$10$ab163c46da674249e5d749',3764,3188,'Pemimpin','2025-03-08 17:46:32',26),
(88,'wprasasta440','$2b$10$479fefd2f36de14791153e',860,3285,'Pemimpin','2025-02-19 11:10:26',9),
(89,'bsirait720','$2b$10$49bc3629c80a7db9043f3c',11502,2573,'Anggota','2024-01-10 11:38:25',5),
(90,'galih73580','$2b$10$2bfc5977100c420a09cc9e',4648,1835,'Anggota','2024-02-17 14:58:46',17),
(91,'maman49221','$2b$10$594ee87c9dd0567df66e0f',11170,932,'Anggota','2024-09-01 12:38:35',24),
(92,'ida08333','$2b$10$14805fb6ecd434305bd314',19537,2690,'Pemimpin','2024-05-11 23:25:40',5),
(93,'permadirahmat162','$2b$10$8dda85a71ab1a480d26c3e',2673,2425,'Anggota','2025-02-26 16:43:45',14),
(94,'zahrakusmawati498','$2b$10$9673ad3e8d8ca9015dd44a',8951,1412,'Penatua','2024-11-30 20:59:36',4),
(95,'yhassanah354','$2b$10$a37e8ba69b7c1d88b1323e',19435,845,'Pemimpin','2026-01-25 22:59:02',10),
(96,'ilyas6347','$2b$10$71a347385c94449ed1cbf8',251,428,'Anggota','2024-11-13 13:26:47',7),
(97,'warsita88786','$2b$10$a1a9d8f3cb4a3915437068',9484,280,'Pemimpin','2025-05-24 17:17:17',16),
(98,'niyaga74765','$2b$10$e5af4655b1fb33c6bbfd5b',12458,766,'Penatua','2026-04-07 08:06:32',17),
(99,'dimasnababan573','$2b$10$e73fa5c6a368374a623cda',2361,3181,'Pemimpin','2025-09-08 19:53:10',2),
(100,'harjopratama447','$2b$10$86c410f32f5b2bd44fc71d',10258,39,'Anggota','2025-10-28 20:52:41',23),
(101,'maria89656','$2b$10$97b7ba8222ff60bde4f7c2',13272,758,NULL,'2024-02-02 09:35:19',NULL),
(102,'nababanlega176','$2b$10$69b27895c6142f85a75c75',11857,2635,'Anggota','2024-05-16 21:43:12',4),
(103,'lukitabudiman250','$2b$10$6bdad463c7036982b4149c',17169,905,'Wakil Pemimpin','2024-05-02 04:10:33',10),
(104,'kuncaragunawan764','$2b$10$4f3140a4c5e27dc8c79a86',5509,570,'Anggota','2024-04-28 15:37:46',4),
(105,'zelda27544','$2b$10$a9edc4782ce9ac2d214d92',11504,1378,'Anggota','2024-08-17 10:16:34',5),
(106,'pertiwikairav263','$2b$10$f6f9ba50390c012b87ae31',2469,228,NULL,'2024-10-02 04:29:10',NULL),
(107,'lsiregar644','$2b$10$fb247bc7400bdab573fc10',18988,988,'Anggota','2025-11-28 08:24:03',29),
(108,'yahya11579','$2b$10$cd9295e72c4832d3e15a79',10359,1965,'Anggota','2024-08-22 12:05:59',16),
(109,'permatarini453','$2b$10$33176a2c2eb893763e9b76',19379,1940,'Pemimpin','2024-03-28 06:14:54',3),
(110,'eminpratiwi318','$2b$10$84b77934bf1b160d5887e2',1864,719,'Penatua','2025-07-26 19:32:02',3),
(111,'prayogadasa661','$2b$10$e13791d2e46c97226c279f',19466,3046,'Pemimpin','2026-02-26 16:51:30',19),
(112,'msudiati568','$2b$10$d5f7a3a5266bc9306bbe68',14736,4221,'Anggota','2024-10-19 10:04:33',16),
(113,'elisawibowo514','$2b$10$f85f1bee570293256f1e14',14762,181,'Pemimpin','2024-06-09 18:49:46',27),
(114,'lsalahudin352','$2b$10$b9e20d65504b92be3b3fa1',16533,5043,'Anggota','2024-09-25 01:27:45',23),
(115,'jelita90449','$2b$10$b99c631d7546b2f082af4b',17129,5268,'Pemimpin','2024-09-03 14:29:15',30),
(116,'pranowoqueen290','$2b$10$f3df50975d25511751ddce',19591,873,'Anggota','2024-03-22 08:19:40',21),
(117,'manullangjatmiko343','$2b$10$549443a87c88cd1a93d331',18283,48,'Anggota','2025-08-23 12:09:29',24),
(118,'manullangadhiarja873','$2b$10$49f661f4137ec440ea5fb5',10923,1876,'Anggota','2024-05-06 14:36:51',5),
(119,'csiregar939','$2b$10$dd32f9a139b76d924b2f7f',4225,600,'Anggota','2024-05-11 14:33:13',13),
(120,'umaya13659','$2b$10$54f363c2c6545be8ed1696',17248,2465,'Pemimpin','2024-05-25 04:10:44',14),
(121,'solehlatupono521','$2b$10$cd1dc16cb9cd9a7ebf3e07',10120,885,NULL,'2024-10-07 00:41:19',NULL),
(122,'kasiranmegantara350','$2b$10$b4bfbe059c44f8e9a121d9',6291,3848,NULL,'2024-12-17 22:08:12',NULL),
(123,'luwesriyanti159','$2b$10$b8293062c50d73ae78667c',16635,51,'Anggota','2026-04-18 12:06:44',29),
(124,'tomi17540','$2b$10$9d5169f39b9602bf7b8dc9',4294,172,'Anggota','2025-08-08 05:08:05',6),
(125,'gsaputra852','$2b$10$c00caa2333bf70f80a7734',14341,1884,'Anggota','2024-03-08 20:58:18',22),
(126,'mhutapea737','$2b$10$ab394b1fb3ea8b79046024',9336,627,'Anggota','2025-11-28 09:14:51',8),
(127,'msinaga317','$2b$10$0c35c701faec78c76f07c4',6357,4440,'Anggota','2025-07-25 10:06:17',19),
(128,'pradanavivi452','$2b$10$4c2fbb45b442620a2caf28',12513,844,'Pemimpin','2026-02-20 05:43:13',6),
(129,'wulandarikawaya837','$2b$10$f15fb0de1b253d0a90037f',8192,220,'Pemimpin','2024-03-22 01:24:14',28),
(130,'wagemaryati381','$2b$10$fa532074a36b7e34986ff8',16905,1252,'Pemimpin','2024-07-12 16:19:27',25),
(131,'gilang96165','$2b$10$e9aa4ba849911da3132c07',4828,662,'Penatua','2025-11-10 14:09:33',30),
(132,'eiswahyudi228','$2b$10$72c04e55917a8dae2a2937',873,3178,'Anggota','2025-10-06 12:28:40',17),
(133,'maras12383','$2b$10$e77c95617be30816b992cc',12285,441,'Anggota','2024-12-14 19:24:42',30),
(134,'qsuwarno102','$2b$10$07232f0185b9bdd6db5e74',4785,3171,'Anggota','2024-08-01 18:05:04',30),
(135,'hasanahcecep850','$2b$10$363095d00b1940e3217986',15371,771,'Pemimpin','2025-11-27 21:04:30',29),
(136,'daru6882','$2b$10$0005fac6d621a79c0eda68',4899,110,'Anggota','2026-03-30 20:44:52',25),
(137,'wahyunihalima296','$2b$10$09733991802a50fb9d3c55',1564,462,'Wakil Pemimpin','2025-01-05 09:40:08',26),
(138,'nainggolandinda638','$2b$10$0f7cd02320027fa23e3043',16378,756,'Pemimpin','2026-04-12 17:32:01',17),
(139,'cutami589','$2b$10$a6f1b33130e442e2f0f07e',9544,473,'Anggota','2025-10-28 19:11:09',12),
(140,'kasusrapudjiastuti247','$2b$10$4a0a3c662e9f3039fdd094',2805,1295,NULL,'2026-03-24 04:55:07',NULL),
(141,'taufik7170','$2b$10$d8bad09972fe77f49c26ed',16624,4478,'Pemimpin','2026-02-27 13:32:30',13),
(142,'galionosaragih895','$2b$10$9e52b68206f3cd06e029a1',12232,898,'Pemimpin','2025-01-29 00:46:01',12),
(143,'oiswahyudi808','$2b$10$ee546682f9550fbf1259bd',3396,123,'Anggota','2025-05-31 13:11:32',12),
(144,'hariyahdaryani560','$2b$10$3ceb6561100617bcb9a2fd',15224,489,'Anggota','2026-01-13 08:56:06',26),
(145,'bellasiregar139','$2b$10$46a1150e5b9295145e1562',1211,234,'Anggota','2025-03-31 20:19:55',26),
(146,'radika77205','$2b$10$c653b29b62245b6ef49117',10160,3161,'Anggota','2026-03-11 14:53:34',27),
(147,'pranatanainggolan557','$2b$10$1d29f9235b050f98486fff',6262,718,'Anggota','2025-03-20 10:59:14',25),
(148,'cahyonosaefullah49','$2b$10$60209d3eb87aca8f97364e',8952,3169,'Anggota','2024-07-12 08:45:52',14),
(149,'ysiregar911','$2b$10$c96060a209183153424bdb',12669,925,NULL,'2025-06-10 16:12:05',NULL),
(150,'suryonolembah509','$2b$10$7c22aa4cff978d9a29b349',17015,1988,'Anggota','2025-02-18 08:04:05',24);
/*!40000 ALTER TABLE `akun` ENABLE KEYS */;
UNLOCK TABLES;
COMMIT;
SET AUTOCOMMIT=@OLD_AUTOCOMMIT;

--
-- Table structure for table `arena`
--

DROP TABLE IF EXISTS `arena`;
/*!40101 SET @saved_cs_client     = @@character_set_client */;
/*!40101 SET character_set_client = utf8mb4 */;
CREATE TABLE `arena` (
  `arena_id` int(11) NOT NULL,
  `nama_arena` varchar(50) NOT NULL,
  `piala_dibutuhkan` int(11) NOT NULL,
  PRIMARY KEY (`arena_id`)
) ENGINE=InnoDB DEFAULT CHARSET=utf8mb4 COLLATE=utf8mb4_unicode_ci;
/*!40101 SET character_set_client = @saved_cs_client */;

--
-- Dumping data for table `arena`
--

SET @OLD_AUTOCOMMIT=@@AUTOCOMMIT, @@AUTOCOMMIT=0;
LOCK TABLES `arena` WRITE;
/*!40000 ALTER TABLE `arena` DISABLE KEYS */;
INSERT INTO `arena` VALUES
(1,'Training Camp',0),
(2,'Goblin Stadium',300),
(3,'Bone Pit',600),
(4,'Barbarian Bowl',1000),
(5,'P.E.K.K.A Playhouse',1400),
(6,'Spell Valley',1700),
(7,'Builder Workshop',2000),
(8,'Royal Arena',2300),
(9,'Frozen Peak',2600),
(10,'Jungle Arena',3000),
(11,'Hog Mountain',3400),
(12,'Electro Valley',3800),
(13,'Master Arena',4200),
(14,'Challenger Arena 14',4500),
(15,'Challenger Arena 15',4800),
(16,'Challenger Arena 16',5100),
(17,'Challenger Arena 17',5400),
(18,'Challenger Arena 18',5700),
(19,'Challenger Arena 19',6000),
(20,'Challenger Arena 20',6300);
/*!40000 ALTER TABLE `arena` ENABLE KEYS */;
UNLOCK TABLES;
COMMIT;
SET AUTOCOMMIT=@OLD_AUTOCOMMIT;

--
-- Table structure for table `bangunan`
--

DROP TABLE IF EXISTS `bangunan`;
/*!40101 SET @saved_cs_client     = @@character_set_client */;
/*!40101 SET character_set_client = utf8mb4 */;
CREATE TABLE `bangunan` (
  `kartu_id` int(11) NOT NULL,
  `health` int(11) DEFAULT NULL,
  `target_serangan` varchar(30) DEFAULT NULL,
  `lifetime` int(11) DEFAULT NULL,
  `jarak_serangan` decimal(5,2) DEFAULT NULL,
  `kecepatan_menyerang` decimal(5,2) DEFAULT NULL,
  PRIMARY KEY (`kartu_id`),
  CONSTRAINT `1` FOREIGN KEY (`kartu_id`) REFERENCES `kartu` (`kartu_id`) ON DELETE CASCADE
) ENGINE=InnoDB DEFAULT CHARSET=utf8mb4 COLLATE=utf8mb4_unicode_ci;
/*!40101 SET character_set_client = @saved_cs_client */;

--
-- Dumping data for table `bangunan`
--

SET @OLD_AUTOCOMMIT=@@AUTOCOMMIT, @@AUTOCOMMIT=0;
LOCK TABLES `bangunan` WRITE;
/*!40000 ALTER TABLE `bangunan` DISABLE KEYS */;
INSERT INTO `bangunan` VALUES
(29,1294,'Darat',68,9.79,1.94),
(30,735,'Semua',53,7.75,1.27),
(31,859,'Darat',60,11.13,1.06),
(32,1013,'Darat',45,10.69,1.37),
(33,1241,'Semua',62,7.40,1.97),
(34,2224,'Darat',54,4.19,1.34),
(107,1574,'Darat',57,10.32,1.68),
(108,1134,'Darat',31,7.72,1.11),
(109,1433,'Udara',42,10.15,0.90),
(110,2063,'Udara',61,5.19,1.71),
(111,1628,'Semua',30,8.88,1.92),
(112,529,'Darat',50,6.41,1.52),
(113,629,'Semua',25,9.33,0.91),
(114,2177,'Semua',46,8.09,1.92),
(115,790,'Semua',27,5.07,1.97),
(116,2347,'Udara',27,11.32,1.69),
(117,1548,'Semua',61,8.92,1.03),
(118,1688,'Darat',38,8.28,1.78),
(119,2031,'Darat',44,4.46,1.11),
(120,1993,'Semua',59,5.99,1.78),
(121,973,'Semua',30,7.51,2.07),
(122,619,'Darat',52,5.09,0.90),
(123,2024,'Udara',26,8.71,1.82),
(124,2245,'Udara',39,6.20,2.02),
(125,2168,'Darat',68,8.27,1.29),
(126,1609,'Darat',70,3.66,1.15),
(127,1956,'Semua',65,4.39,1.31),
(128,1877,'Darat',30,3.05,1.20),
(129,1874,'Udara',31,4.19,1.04),
(130,2238,'Semua',60,7.61,0.93),
(131,767,'Udara',60,3.84,1.58),
(132,1728,'Udara',25,5.63,1.30),
(133,746,'Semua',60,11.15,2.07),
(134,1094,'Semua',49,4.53,1.15),
(135,1499,'Udara',34,3.57,1.37),
(136,2124,'Udara',55,10.04,1.27),
(137,1410,'Semua',65,7.46,1.60),
(138,2275,'Darat',33,5.74,2.03),
(139,1760,'Semua',49,10.24,1.23),
(140,1771,'Udara',66,11.77,0.98),
(141,1713,'Semua',69,4.81,1.21),
(142,2031,'Udara',43,9.61,1.62),
(143,1392,'Udara',49,5.52,1.82),
(144,1895,'Darat',61,4.80,2.10),
(145,1136,'Semua',60,3.24,1.75),
(146,1258,'Udara',43,10.48,0.89),
(147,2075,'Semua',56,4.25,1.19),
(148,1434,'Semua',34,9.44,1.83),
(149,702,'Udara',63,7.31,1.32),
(150,2475,'Semua',51,7.89,1.83);
/*!40000 ALTER TABLE `bangunan` ENABLE KEYS */;
UNLOCK TABLES;
COMMIT;
SET AUTOCOMMIT=@OLD_AUTOCOMMIT;

--
-- Table structure for table `berbagi_replay`
--

DROP TABLE IF EXISTS `berbagi_replay`;
/*!40101 SET @saved_cs_client     = @@character_set_client */;
/*!40101 SET character_set_client = utf8mb4 */;
CREATE TABLE `berbagi_replay` (
  `klan_id` int(11) NOT NULL,
  `urutan_chat` int(11) NOT NULL,
  `deskripsi_tambahan` text DEFAULT NULL,
  `pertarungan_id` int(11) NOT NULL,
  PRIMARY KEY (`klan_id`,`urutan_chat`),
  KEY `pertarungan_id` (`pertarungan_id`),
  CONSTRAINT `1` FOREIGN KEY (`klan_id`, `urutan_chat`) REFERENCES `chat` (`klan_id`, `urutan_chat`) ON DELETE CASCADE,
  CONSTRAINT `2` FOREIGN KEY (`pertarungan_id`) REFERENCES `pertarungan` (`pertarungan_id`) ON DELETE CASCADE
) ENGINE=InnoDB DEFAULT CHARSET=utf8mb4 COLLATE=utf8mb4_unicode_ci;
/*!40101 SET character_set_client = @saved_cs_client */;

--
-- Dumping data for table `berbagi_replay`
--

SET @OLD_AUTOCOMMIT=@@AUTOCOMMIT, @@AUTOCOMMIT=0;
LOCK TABLES `berbagi_replay` WRITE;
/*!40000 ALTER TABLE `berbagi_replay` DISABLE KEYS */;
INSERT INTO `berbagi_replay` VALUES
(1,10,'Comeback dari ketertinggalan!',22),
(1,18,'Battle epic banget, wajib tonton!',18),
(1,21,'Perfect defense, bangga banget.',53),
(1,26,'Perfect defense, bangga banget.',55),
(1,29,'Comeback dari ketertinggalan!',20),
(1,31,'Contoh rotasi deck yang bagus.',38),
(1,32,'Triple crown pertama gue.',38),
(2,2,NULL,140),
(2,12,NULL,6),
(2,14,'Triple crown pertama gue.',121),
(2,17,'Comeback dari ketertinggalan!',121),
(2,21,NULL,153),
(3,7,'Triple crown pertama gue.',86),
(3,12,'Battle epic banget, wajib tonton!',186),
(3,15,'Contoh rotasi deck yang bagus.',191),
(3,17,'Battle epic banget, wajib tonton!',77),
(3,23,'Comeback dari ketertinggalan!',133),
(4,9,'Contoh rotasi deck yang bagus.',272),
(4,11,'Perfect defense, bangga banget.',279),
(4,16,'Contoh rotasi deck yang bagus.',310),
(4,18,'Triple crown pertama gue.',262),
(4,22,'Contoh rotasi deck yang bagus.',172),
(4,26,'Comeback dari ketertinggalan!',167),
(4,28,NULL,160),
(4,39,'Comeback dari ketertinggalan!',283),
(4,41,'Battle epic banget, wajib tonton!',305),
(5,15,'Comeback dari ketertinggalan!',296),
(5,21,'Triple crown pertama gue.',169),
(5,30,'Comeback dari ketertinggalan!',42),
(5,37,'Comeback dari ketertinggalan!',299),
(5,39,NULL,242),
(5,43,'Battle epic banget, wajib tonton!',299),
(5,47,'Comeback dari ketertinggalan!',81),
(5,48,'Perfect defense, bangga banget.',303),
(6,21,'Perfect defense, bangga banget.',122),
(6,26,'Contoh rotasi deck yang bagus.',139),
(6,32,'Perfect defense, bangga banget.',105),
(6,38,'Triple crown pertama gue.',122),
(6,40,'Perfect defense, bangga banget.',234),
(6,42,'Perfect defense, bangga banget.',220),
(6,43,'Comeback dari ketertinggalan!',104),
(6,49,'Contoh rotasi deck yang bagus.',234),
(7,3,NULL,15),
(7,6,'Perfect defense, bangga banget.',15),
(7,13,'Perfect defense, bangga banget.',257),
(7,19,'Battle epic banget, wajib tonton!',281),
(8,6,'Comeback dari ketertinggalan!',128),
(8,12,'Battle epic banget, wajib tonton!',128),
(8,32,'Battle epic banget, wajib tonton!',22),
(8,40,'Contoh rotasi deck yang bagus.',33),
(8,49,'Triple crown pertama gue.',33),
(8,54,'Perfect defense, bangga banget.',128),
(8,58,'Contoh rotasi deck yang bagus.',31),
(8,59,'Comeback dari ketertinggalan!',19),
(9,15,'Battle epic banget, wajib tonton!',242),
(10,13,'Battle epic banget, wajib tonton!',152),
(10,19,'Perfect defense, bangga banget.',142),
(10,30,'Battle epic banget, wajib tonton!',142),
(10,36,'Contoh rotasi deck yang bagus.',113),
(11,2,'Battle epic banget, wajib tonton!',99),
(11,9,'Comeback dari ketertinggalan!',67),
(11,12,'Triple crown pertama gue.',93),
(11,16,'Battle epic banget, wajib tonton!',99),
(11,18,'Perfect defense, bangga banget.',97),
(11,22,'Battle epic banget, wajib tonton!',99),
(11,24,'Triple crown pertama gue.',64),
(11,28,'Triple crown pertama gue.',64),
(11,35,'Battle epic banget, wajib tonton!',93),
(12,8,'Triple crown pertama gue.',228),
(12,14,'Battle epic banget, wajib tonton!',117),
(12,21,'Perfect defense, bangga banget.',235),
(12,32,'Perfect defense, bangga banget.',131),
(12,37,'Battle epic banget, wajib tonton!',259),
(12,42,'Contoh rotasi deck yang bagus.',88),
(12,43,'Triple crown pertama gue.',115),
(13,15,'Battle epic banget, wajib tonton!',135),
(13,19,'Perfect defense, bangga banget.',87),
(13,23,'Battle epic banget, wajib tonton!',289),
(13,27,'Contoh rotasi deck yang bagus.',282),
(14,13,'Triple crown pertama gue.',5),
(14,19,'Comeback dari ketertinggalan!',69),
(14,25,'Perfect defense, bangga banget.',76),
(14,30,NULL,5),
(14,37,'Triple crown pertama gue.',141),
(14,44,'Battle epic banget, wajib tonton!',142),
(14,45,'Battle epic banget, wajib tonton!',107),
(14,49,'Battle epic banget, wajib tonton!',168),
(15,7,'Perfect defense, bangga banget.',275),
(15,9,'Contoh rotasi deck yang bagus.',272),
(15,12,'Battle epic banget, wajib tonton!',275),
(15,13,NULL,266),
(15,14,'Perfect defense, bangga banget.',266),
(15,15,NULL,283),
(15,18,'Perfect defense, bangga banget.',266),
(15,24,'Battle epic banget, wajib tonton!',101),
(16,5,'Contoh rotasi deck yang bagus.',197),
(16,16,'Triple crown pertama gue.',205),
(16,19,'Comeback dari ketertinggalan!',204),
(16,22,'Contoh rotasi deck yang bagus.',291),
(16,31,'Comeback dari ketertinggalan!',291),
(16,41,'Comeback dari ketertinggalan!',289),
(16,48,'Battle epic banget, wajib tonton!',244),
(17,15,'Perfect defense, bangga banget.',106),
(17,19,'Battle epic banget, wajib tonton!',36),
(17,24,'Comeback dari ketertinggalan!',107),
(17,33,'Contoh rotasi deck yang bagus.',188),
(18,8,'Contoh rotasi deck yang bagus.',293),
(18,10,'Perfect defense, bangga banget.',293),
(18,14,'Battle epic banget, wajib tonton!',287),
(18,19,'Triple crown pertama gue.',287),
(18,32,'Contoh rotasi deck yang bagus.',286),
(18,34,'Contoh rotasi deck yang bagus.',287),
(18,37,'Battle epic banget, wajib tonton!',292),
(18,46,'Triple crown pertama gue.',287),
(18,48,'Triple crown pertama gue.',294),
(18,50,'Perfect defense, bangga banget.',293),
(19,2,'Contoh rotasi deck yang bagus.',293),
(19,4,'Triple crown pertama gue.',285),
(19,7,'Battle epic banget, wajib tonton!',14),
(19,17,'Battle epic banget, wajib tonton!',286),
(19,18,NULL,14),
(19,19,NULL,293),
(19,21,NULL,4),
(19,28,NULL,3),
(19,35,'Comeback dari ketertinggalan!',25),
(19,46,'Triple crown pertama gue.',25),
(19,50,'Perfect defense, bangga banget.',39),
(19,51,'Battle epic banget, wajib tonton!',25),
(20,12,'Battle epic banget, wajib tonton!',306),
(20,17,'Triple crown pertama gue.',124),
(20,18,'Perfect defense, bangga banget.',311),
(20,22,NULL,34),
(20,24,'Comeback dari ketertinggalan!',34),
(20,25,'Battle epic banget, wajib tonton!',306),
(20,36,'Comeback dari ketertinggalan!',112),
(20,37,'Perfect defense, bangga banget.',108),
(20,40,NULL,34),
(20,48,'Comeback dari ketertinggalan!',161),
(20,53,'Battle epic banget, wajib tonton!',162),
(21,14,'Comeback dari ketertinggalan!',199),
(21,17,'Contoh rotasi deck yang bagus.',198),
(21,18,'Triple crown pertama gue.',101),
(21,21,'Battle epic banget, wajib tonton!',143),
(21,26,'Contoh rotasi deck yang bagus.',198),
(21,34,'Battle epic banget, wajib tonton!',95),
(22,5,NULL,282),
(22,9,'Contoh rotasi deck yang bagus.',277),
(22,19,NULL,194),
(22,22,'Comeback dari ketertinggalan!',194),
(22,36,'Comeback dari ketertinggalan!',194),
(23,29,'Triple crown pertama gue.',295),
(23,31,'Comeback dari ketertinggalan!',143),
(23,43,'Perfect defense, bangga banget.',110),
(24,10,'Comeback dari ketertinggalan!',217),
(25,6,'Comeback dari ketertinggalan!',239),
(25,34,'Comeback dari ketertinggalan!',119),
(25,35,'Comeback dari ketertinggalan!',231),
(26,5,'Contoh rotasi deck yang bagus.',276),
(26,23,'Comeback dari ketertinggalan!',278),
(26,30,'Triple crown pertama gue.',29),
(27,12,NULL,235),
(27,15,'Comeback dari ketertinggalan!',233),
(28,5,NULL,215),
(28,10,'Perfect defense, bangga banget.',251),
(28,16,'Contoh rotasi deck yang bagus.',75),
(29,1,'Comeback dari ketertinggalan!',192),
(29,5,'Contoh rotasi deck yang bagus.',114),
(29,7,'Battle epic banget, wajib tonton!',130),
(29,9,'Battle epic banget, wajib tonton!',218),
(29,19,NULL,192),
(29,25,'Contoh rotasi deck yang bagus.',218),
(29,29,'Perfect defense, bangga banget.',227),
(29,30,'Comeback dari ketertinggalan!',227),
(30,3,'Comeback dari ketertinggalan!',12),
(30,11,NULL,319),
(30,18,'Battle epic banget, wajib tonton!',148),
(30,26,NULL,156),
(30,31,'Comeback dari ketertinggalan!',273),
(30,38,'Perfect defense, bangga banget.',320);
/*!40000 ALTER TABLE `berbagi_replay` ENABLE KEYS */;
UNLOCK TABLES;
COMMIT;
SET AUTOCOMMIT=@OLD_AUTOCOMMIT;

--
-- Table structure for table `chat`
--

DROP TABLE IF EXISTS `chat`;
/*!40101 SET @saved_cs_client     = @@character_set_client */;
/*!40101 SET character_set_client = utf8mb4 */;
CREATE TABLE `chat` (
  `klan_id` int(11) NOT NULL,
  `urutan_chat` int(11) NOT NULL,
  `tanggal_pengiriman` int(11) DEFAULT NULL,
  `jam_pengiriman` int(11) DEFAULT NULL,
  `menit_pengiriman` int(11) DEFAULT NULL,
  `akun_pengirim_id` int(11) NOT NULL,
  PRIMARY KEY (`klan_id`,`urutan_chat`),
  KEY `akun_pengirim_id` (`akun_pengirim_id`),
  CONSTRAINT `1` FOREIGN KEY (`klan_id`) REFERENCES `klan` (`klan_id`) ON DELETE CASCADE,
  CONSTRAINT `2` FOREIGN KEY (`akun_pengirim_id`) REFERENCES `akun` (`akun_id`) ON DELETE CASCADE
) ENGINE=InnoDB DEFAULT CHARSET=utf8mb4 COLLATE=utf8mb4_unicode_ci;
/*!40101 SET character_set_client = @saved_cs_client */;

--
-- Dumping data for table `chat`
--

SET @OLD_AUTOCOMMIT=@@AUTOCOMMIT, @@AUTOCOMMIT=0;
LOCK TABLES `chat` WRITE;
/*!40000 ALTER TABLE `chat` DISABLE KEYS */;
INSERT INTO `chat` VALUES
(1,1,28,13,34,4),
(1,2,23,0,57,3),
(1,3,22,3,13,75),
(1,4,11,22,23,2),
(1,5,25,20,41,75),
(1,6,3,10,41,4),
(1,7,17,5,21,1),
(1,8,18,3,58,5),
(1,9,19,14,54,5),
(1,10,24,3,6,5),
(1,11,19,11,39,2),
(1,12,25,3,47,2),
(1,13,6,5,7,4),
(1,14,21,18,31,5),
(1,15,15,17,0,2),
(1,16,28,22,36,4),
(1,17,24,15,29,5),
(1,18,1,6,30,5),
(1,19,22,8,10,5),
(1,20,5,8,32,4),
(1,21,16,20,17,3),
(1,22,17,19,57,2),
(1,23,4,14,53,2),
(1,24,14,13,52,1),
(1,25,28,5,54,5),
(1,26,17,7,34,3),
(1,27,22,19,51,3),
(1,28,30,1,17,5),
(1,29,31,2,48,1),
(1,30,25,17,4,3),
(1,31,11,0,17,1),
(1,32,1,14,7,1),
(1,33,2,15,5,4),
(1,34,7,15,55,4),
(2,1,17,4,34,99),
(2,2,15,12,50,61),
(2,3,8,18,35,99),
(2,4,1,9,16,61),
(2,5,14,21,32,99),
(2,6,4,23,34,61),
(2,7,23,0,38,61),
(2,8,26,14,20,61),
(2,9,14,18,14,99),
(2,10,2,7,13,61),
(2,11,19,23,55,99),
(2,12,1,5,23,99),
(2,13,30,20,47,61),
(2,14,4,17,39,61),
(2,15,22,2,18,99),
(2,16,10,13,51,61),
(2,17,10,0,40,61),
(2,18,6,17,8,99),
(2,19,27,9,9,61),
(2,20,21,0,54,99),
(2,21,9,3,10,61),
(2,22,14,20,6,61),
(2,23,4,23,54,61),
(2,24,12,3,13,61),
(2,25,11,2,39,61),
(2,26,31,12,56,99),
(2,27,22,1,16,99),
(2,28,10,5,10,61),
(2,29,26,6,26,61),
(3,1,22,18,46,26),
(3,2,7,21,50,7),
(3,3,24,6,55,7),
(3,4,23,22,24,7),
(3,5,1,21,15,26),
(3,6,4,22,28,14),
(3,7,14,19,17,110),
(3,8,13,19,53,14),
(3,9,19,10,30,26),
(3,10,7,21,9,40),
(3,11,13,7,45,14),
(3,12,1,23,7,14),
(3,13,20,14,8,40),
(3,14,12,23,26,26),
(3,15,22,10,46,109),
(3,16,24,2,19,109),
(3,17,3,22,17,26),
(3,18,28,18,23,26),
(3,19,27,20,34,40),
(3,20,4,14,28,40),
(3,21,20,9,31,40),
(3,22,7,17,24,26),
(3,23,16,10,10,40),
(3,24,13,21,28,14),
(3,25,3,1,16,14),
(4,1,2,3,18,19),
(4,2,24,17,51,102),
(4,3,10,9,15,48),
(4,4,11,1,54,41),
(4,5,26,16,41,41),
(4,6,19,3,5,102),
(4,7,1,5,46,19),
(4,8,9,12,34,102),
(4,9,26,11,41,19),
(4,10,19,12,19,48),
(4,11,1,7,3,19),
(4,12,9,3,31,19),
(4,13,3,19,48,102),
(4,14,3,14,40,48),
(4,15,8,14,29,94),
(4,16,1,8,13,94),
(4,17,15,10,49,19),
(4,18,30,4,16,104),
(4,19,17,2,18,104),
(4,20,29,1,48,19),
(4,21,3,22,33,102),
(4,22,13,16,57,86),
(4,23,17,9,29,48),
(4,24,22,15,57,48),
(4,25,9,11,39,104),
(4,26,17,23,12,66),
(4,27,15,8,42,94),
(4,28,2,17,31,86),
(4,29,7,2,15,41),
(4,30,13,9,25,48),
(4,31,16,6,57,104),
(4,32,16,6,58,66),
(4,33,27,4,6,41),
(4,34,31,22,2,66),
(4,35,5,4,29,104),
(4,36,24,2,55,66),
(4,37,28,22,46,102),
(4,38,12,21,32,104),
(4,39,13,18,59,104),
(4,40,15,16,27,41),
(4,41,5,11,23,94),
(4,42,25,3,32,19),
(4,43,30,14,52,94),
(4,44,28,13,46,94),
(4,45,25,14,18,104),
(5,1,24,4,51,43),
(5,2,5,0,51,27),
(5,3,1,0,50,105),
(5,4,16,3,29,43),
(5,5,16,6,33,62),
(5,6,10,17,6,92),
(5,7,3,13,46,89),
(5,8,7,7,43,27),
(5,9,7,15,25,89),
(5,10,6,1,25,105),
(5,11,19,12,37,72),
(5,12,17,2,11,27),
(5,13,20,5,13,89),
(5,14,27,10,45,92),
(5,15,10,7,40,62),
(5,16,16,7,27,43),
(5,17,5,19,47,72),
(5,18,22,5,0,62),
(5,19,27,4,18,27),
(5,20,15,5,57,43),
(5,21,27,2,34,105),
(5,22,21,8,37,89),
(5,23,19,7,12,92),
(5,24,7,5,41,89),
(5,25,28,7,33,89),
(5,26,13,17,31,118),
(5,27,3,14,26,43),
(5,28,3,16,13,72),
(5,29,3,5,1,62),
(5,30,2,11,16,92),
(5,31,18,2,32,62),
(5,32,18,2,3,62),
(5,33,20,23,35,89),
(5,34,21,1,32,105),
(5,35,22,22,30,72),
(5,36,19,0,44,62),
(5,37,12,16,32,27),
(5,38,6,21,28,62),
(5,39,31,23,27,43),
(5,40,6,11,14,27),
(5,41,16,1,35,62),
(5,42,30,8,52,89),
(5,43,14,1,16,62),
(5,44,30,14,13,62),
(5,45,15,20,14,43),
(5,46,12,3,43,92),
(5,47,31,20,34,89),
(5,48,27,4,12,27),
(5,49,18,14,44,118),
(6,1,12,19,16,46),
(6,2,22,17,10,46),
(6,3,24,7,53,128),
(6,4,13,22,48,128),
(6,5,11,23,21,124),
(6,6,3,8,4,46),
(6,7,1,12,47,128),
(6,8,11,15,6,128),
(6,9,19,7,2,46),
(6,10,4,5,21,46),
(6,11,9,16,3,46),
(6,12,13,9,17,124),
(6,13,22,17,38,128),
(6,14,2,12,58,128),
(6,15,5,0,54,46),
(6,16,28,9,36,46),
(6,17,1,9,6,46),
(6,18,4,13,6,46),
(6,19,13,21,30,128),
(6,20,25,3,59,128),
(6,21,29,13,14,128),
(6,22,8,20,13,46),
(6,23,13,23,16,124),
(6,24,1,4,4,128),
(6,25,29,15,2,128),
(6,26,28,17,29,128),
(6,27,15,6,28,46),
(6,28,29,17,40,124),
(6,29,29,16,40,124),
(6,30,19,1,22,124),
(6,31,3,13,26,46),
(6,32,14,15,35,46),
(6,33,8,21,50,46),
(6,34,9,16,20,128),
(6,35,20,22,29,124),
(6,36,27,5,28,46),
(6,37,18,9,33,46),
(6,38,21,12,34,128),
(6,39,29,19,30,124),
(6,40,9,8,37,124),
(6,41,10,15,10,124),
(6,42,25,7,30,124),
(6,43,9,17,0,128),
(6,44,24,6,12,46),
(6,45,13,20,56,128),
(6,46,17,13,53,124),
(6,47,20,1,14,128),
(6,48,24,1,33,128),
(6,49,24,14,5,124),
(6,50,29,10,46,128),
(6,51,9,23,31,124),
(6,52,8,14,43,124),
(7,1,21,3,42,96),
(7,2,17,8,8,96),
(7,3,18,22,35,64),
(7,4,8,4,23,52),
(7,5,27,1,52,52),
(7,6,4,6,30,64),
(7,7,29,19,51,96),
(7,8,10,18,6,52),
(7,9,27,23,54,96),
(7,10,7,2,29,68),
(7,11,27,15,55,68),
(7,12,25,16,4,52),
(7,13,7,21,0,96),
(7,14,17,21,49,52),
(7,15,17,2,56,96),
(7,16,24,18,26,64),
(7,17,24,14,15,52),
(7,18,9,20,37,68),
(7,19,28,21,35,96),
(7,20,23,23,26,64),
(7,21,26,3,31,68),
(7,22,10,19,31,64),
(7,23,11,7,40,96),
(7,24,13,21,38,52),
(8,1,1,22,28,80),
(8,2,20,15,15,15),
(8,3,7,20,6,126),
(8,4,29,8,37,15),
(8,5,10,20,23,15),
(8,6,18,13,3,126),
(8,7,9,5,0,80),
(8,8,19,4,56,80),
(8,9,23,12,45,80),
(8,10,6,6,22,80),
(8,11,26,1,43,80),
(8,12,16,20,0,126),
(8,13,9,10,36,80),
(8,14,10,14,23,15),
(8,15,20,1,16,80),
(8,16,29,15,20,126),
(8,17,15,18,3,80),
(8,18,29,6,0,15),
(8,19,2,9,32,80),
(8,20,16,16,4,15),
(8,21,17,20,46,69),
(8,22,12,21,41,126),
(8,23,1,16,2,69),
(8,24,28,19,51,15),
(8,25,23,18,50,15),
(8,26,27,15,52,80),
(8,27,8,17,15,15),
(8,28,21,8,49,80),
(8,29,27,3,17,126),
(8,30,5,21,3,126),
(8,31,9,18,19,15),
(8,32,29,21,16,80),
(8,33,6,19,48,15),
(8,34,13,11,56,69),
(8,35,7,4,19,126),
(8,36,31,23,35,80),
(8,37,22,6,48,69),
(8,38,16,14,22,126),
(8,39,31,19,52,126),
(8,40,6,4,27,69),
(8,41,4,18,9,69),
(8,42,29,6,11,69),
(8,43,24,11,43,15),
(8,44,7,0,45,15),
(8,45,11,21,40,69),
(8,46,23,20,45,69),
(8,47,3,12,24,126),
(8,48,17,0,47,80),
(8,49,23,14,29,80),
(8,50,7,10,54,69),
(8,51,3,2,53,15),
(8,52,24,1,30,15),
(8,53,2,11,2,126),
(8,54,28,8,10,126),
(8,55,27,21,18,80),
(8,56,19,19,32,80),
(8,57,15,10,1,15),
(8,58,1,3,42,69),
(8,59,28,16,45,69),
(8,60,5,8,1,80),
(9,1,18,3,29,77),
(9,2,8,19,29,55),
(9,3,2,0,58,77),
(9,4,10,13,58,77),
(9,5,19,6,28,38),
(9,6,18,7,49,55),
(9,7,16,16,21,55),
(9,8,3,12,54,38),
(9,9,4,16,45,38),
(9,10,4,17,10,38),
(9,11,8,8,40,38),
(9,12,3,18,36,55),
(9,13,1,20,56,88),
(9,14,9,23,19,55),
(9,15,1,0,29,77),
(9,16,28,13,14,88),
(9,17,6,22,36,38),
(9,18,6,5,30,55),
(9,19,7,1,54,88),
(9,20,7,18,49,38),
(9,21,20,16,41,88),
(9,22,16,7,40,88),
(9,23,23,21,49,77),
(9,24,25,9,50,55),
(9,25,13,13,7,38),
(9,26,11,23,14,38),
(9,27,18,21,14,38),
(9,28,6,3,45,38),
(9,29,17,2,10,55),
(9,30,17,16,29,77),
(9,31,11,18,51,38),
(9,32,2,9,20,55),
(10,1,22,17,20,9),
(10,2,9,13,50,31),
(10,3,30,1,3,95),
(10,4,17,8,6,95),
(10,5,6,17,1,95),
(10,6,21,20,7,12),
(10,7,6,16,44,31),
(10,8,11,4,6,103),
(10,9,13,18,1,9),
(10,10,3,13,25,12),
(10,11,16,16,45,9),
(10,12,27,22,31,9),
(10,13,30,1,21,95),
(10,14,17,15,49,31),
(10,15,3,11,55,9),
(10,16,22,8,5,95),
(10,17,7,10,5,31),
(10,18,29,14,52,9),
(10,19,10,19,20,95),
(10,20,25,1,41,95),
(10,21,10,17,7,9),
(10,22,19,0,0,9),
(10,23,10,21,50,103),
(10,24,6,21,31,9),
(10,25,16,13,26,103),
(10,26,3,19,38,103),
(10,27,8,15,5,103),
(10,28,15,6,59,103),
(10,29,24,3,34,31),
(10,30,11,21,2,95),
(10,31,17,7,56,31),
(10,32,2,7,32,95),
(10,33,25,7,27,103),
(10,34,4,20,42,12),
(10,35,16,10,46,103),
(10,36,16,14,30,103),
(10,37,9,21,9,103),
(10,38,18,10,59,95),
(11,1,2,16,19,81),
(11,2,1,11,25,81),
(11,3,15,10,43,81),
(11,4,20,16,25,21),
(11,5,20,4,8,21),
(11,6,15,6,0,21),
(11,7,10,7,25,81),
(11,8,7,12,19,21),
(11,9,30,2,16,21),
(11,10,27,11,12,81),
(11,11,3,4,32,81),
(11,12,10,9,50,81),
(11,13,21,8,25,21),
(11,14,13,14,9,81),
(11,15,26,5,25,21),
(11,16,9,15,4,81),
(11,17,23,23,40,21),
(11,18,31,5,25,81),
(11,19,11,15,1,81),
(11,20,7,6,10,81),
(11,21,3,23,59,21),
(11,22,23,11,41,81),
(11,23,20,2,48,81),
(11,24,20,1,34,21),
(11,25,18,13,59,21),
(11,26,7,13,45,81),
(11,27,8,8,25,21),
(11,28,1,20,34,21),
(11,29,2,16,11,81),
(11,30,15,16,23,81),
(11,31,4,20,24,81),
(11,32,11,12,8,21),
(11,33,10,11,11,21),
(11,34,5,18,21,21),
(11,35,18,15,37,81),
(11,36,1,23,57,21),
(11,37,5,11,37,81),
(11,38,29,14,28,21),
(11,39,31,16,35,21),
(11,40,16,20,58,81),
(11,41,21,22,14,21),
(11,42,3,6,2,81),
(11,43,21,13,51,21),
(11,44,21,1,2,81),
(12,1,31,6,8,139),
(12,2,2,15,2,73),
(12,3,13,12,53,139),
(12,4,29,13,57,85),
(12,5,15,16,28,142),
(12,6,16,10,30,73),
(12,7,15,8,43,32),
(12,8,23,23,51,143),
(12,9,27,6,45,71),
(12,10,21,7,21,139),
(12,11,22,12,15,85),
(12,12,9,7,57,71),
(12,13,25,1,8,71),
(12,14,8,12,31,73),
(12,15,17,20,34,32),
(12,16,15,1,55,143),
(12,17,21,5,0,71),
(12,18,24,9,17,139),
(12,19,23,5,50,142),
(12,20,25,19,18,85),
(12,21,31,10,59,143),
(12,22,2,18,1,143),
(12,23,5,0,34,71),
(12,24,4,13,47,32),
(12,25,18,18,38,143),
(12,26,21,4,56,143),
(12,27,15,23,1,85),
(12,28,27,3,51,71),
(12,29,28,0,59,143),
(12,30,2,17,57,32),
(12,31,1,12,55,73),
(12,32,25,17,19,142),
(12,33,9,18,21,71),
(12,34,6,0,43,143),
(12,35,12,13,13,32),
(12,36,5,13,3,71),
(12,37,10,18,14,139),
(12,38,20,13,4,85),
(12,39,19,18,53,139),
(12,40,8,7,27,71),
(12,41,3,4,8,143),
(12,42,5,7,49,73),
(12,43,29,18,7,142),
(12,44,5,7,47,139),
(12,45,5,20,3,143),
(12,46,4,17,9,142),
(12,47,28,0,48,32),
(12,48,27,20,0,142),
(13,1,23,17,13,20),
(13,2,30,22,14,57),
(13,3,22,10,40,57),
(13,4,28,16,32,20),
(13,5,26,2,56,141),
(13,6,8,6,30,57),
(13,7,18,18,50,141),
(13,8,17,8,36,141),
(13,9,26,23,55,119),
(13,10,6,12,11,141),
(13,11,4,0,21,119),
(13,12,11,2,28,119),
(13,13,24,18,41,141),
(13,14,20,14,42,20),
(13,15,17,0,47,119),
(13,16,28,12,42,57),
(13,17,10,11,40,141),
(13,18,9,14,5,141),
(13,19,5,5,45,119),
(13,20,29,5,31,20),
(13,21,30,22,34,119),
(13,22,6,0,51,119),
(13,23,31,6,5,141),
(13,24,28,23,25,119),
(13,25,2,22,47,141),
(13,26,8,11,55,57),
(13,27,4,22,18,20),
(13,28,17,11,22,141),
(13,29,14,2,1,141),
(13,30,13,20,0,20),
(14,1,26,16,11,148),
(14,2,13,21,27,93),
(14,3,16,8,26,84),
(14,4,26,4,53,93),
(14,5,23,9,32,120),
(14,6,11,23,54,120),
(14,7,24,20,54,54),
(14,8,13,5,35,148),
(14,9,6,4,1,54),
(14,10,19,10,20,54),
(14,11,13,6,30,120),
(14,12,23,3,21,120),
(14,13,6,17,26,148),
(14,14,8,0,21,93),
(14,15,24,8,3,148),
(14,16,8,13,31,148),
(14,17,15,19,41,120),
(14,18,16,6,52,120),
(14,19,27,18,18,93),
(14,20,18,12,38,47),
(14,21,20,17,11,84),
(14,22,24,5,32,148),
(14,23,29,10,26,93),
(14,24,14,7,37,54),
(14,25,20,0,5,93),
(14,26,23,9,15,148),
(14,27,18,18,24,47),
(14,28,10,13,47,47),
(14,29,8,16,1,54),
(14,30,8,19,48,148),
(14,31,15,8,44,93),
(14,32,7,4,55,148),
(14,33,31,5,35,93),
(14,34,15,2,6,93),
(14,35,9,4,57,54),
(14,36,23,2,15,120),
(14,37,5,13,50,47),
(14,38,18,14,15,54),
(14,39,13,18,18,84),
(14,40,29,15,49,54),
(14,41,17,6,56,93),
(14,42,3,2,2,148),
(14,43,16,15,11,148),
(14,44,10,2,3,47),
(14,45,3,4,47,47),
(14,46,3,20,35,47),
(14,47,22,0,22,84),
(14,48,4,5,10,93),
(14,49,16,20,40,54),
(14,50,29,17,39,84),
(14,51,28,17,49,120),
(14,52,8,14,40,84),
(14,53,17,14,12,84),
(14,54,1,22,10,54),
(14,55,12,9,21,54),
(14,56,16,2,40,120),
(15,1,8,13,53,56),
(15,2,30,13,27,53),
(15,3,6,22,5,53),
(15,4,23,12,0,8),
(15,5,30,9,54,8),
(15,6,10,1,59,56),
(15,7,17,8,3,56),
(15,8,18,21,33,53),
(15,9,17,10,50,56),
(15,10,12,16,48,56),
(15,11,16,13,20,8),
(15,12,28,1,46,56),
(15,13,9,11,19,56),
(15,14,19,9,57,56),
(15,15,3,12,0,53),
(15,16,16,0,38,56),
(15,17,9,4,46,8),
(15,18,27,6,45,56),
(15,19,6,21,49,56),
(15,20,22,20,0,53),
(15,21,29,5,17,8),
(15,22,11,10,13,8),
(15,23,1,15,42,53),
(15,24,3,14,48,8),
(15,25,9,22,55,8),
(15,26,8,11,46,8),
(15,27,28,21,43,8),
(16,1,16,13,59,108),
(16,2,2,10,40,112),
(16,3,14,3,24,82),
(16,4,28,21,59,97),
(16,5,10,14,55,18),
(16,6,13,10,55,112),
(16,7,31,4,27,18),
(16,8,4,6,56,97),
(16,9,10,18,33,28),
(16,10,5,16,53,28),
(16,11,14,7,6,18),
(16,12,29,6,9,23),
(16,13,8,1,23,108),
(16,14,19,12,34,82),
(16,15,31,21,7,108),
(16,16,13,16,0,18),
(16,17,3,19,6,82),
(16,18,13,10,1,23),
(16,19,6,11,53,28),
(16,20,15,13,22,23),
(16,21,4,20,40,108),
(16,22,2,5,43,112),
(16,23,31,13,44,82),
(16,24,19,20,8,108),
(16,25,20,21,34,108),
(16,26,18,6,0,108),
(16,27,20,3,25,18),
(16,28,12,8,53,23),
(16,29,22,20,25,112),
(16,30,1,16,10,18),
(16,31,3,11,38,112),
(16,32,2,20,53,23),
(16,33,14,15,32,108),
(16,34,19,1,40,112),
(16,35,16,9,10,28),
(16,36,16,22,31,82),
(16,37,26,15,15,112),
(16,38,7,22,8,82),
(16,39,15,6,40,108),
(16,40,22,0,44,108),
(16,41,8,22,45,112),
(16,42,13,17,18,112),
(16,43,3,14,6,97),
(16,44,15,11,0,97),
(16,45,7,3,24,18),
(16,46,13,0,10,82),
(16,47,15,15,7,112),
(16,48,12,20,26,97),
(16,49,21,6,10,97),
(16,50,16,0,39,18),
(16,51,6,4,16,23),
(16,52,24,13,27,97),
(16,53,1,5,30,97),
(16,54,10,8,21,82),
(17,1,17,7,27,90),
(17,2,8,23,35,98),
(17,3,1,6,57,132),
(17,4,1,5,26,138),
(17,5,13,12,37,138),
(17,6,23,19,57,138),
(17,7,24,9,3,90),
(17,8,1,5,34,90),
(17,9,27,2,10,132),
(17,10,21,21,5,98),
(17,11,12,0,21,98),
(17,12,12,22,19,138),
(17,13,4,4,35,90),
(17,14,1,11,57,138),
(17,15,30,20,38,138),
(17,16,8,15,31,132),
(17,17,28,0,51,138),
(17,18,15,7,52,98),
(17,19,17,7,24,132),
(17,20,31,9,51,90),
(17,21,13,0,15,138),
(17,22,28,11,36,132),
(17,23,1,8,1,98),
(17,24,14,23,5,138),
(17,25,4,9,56,98),
(17,26,13,11,33,132),
(17,27,23,7,16,98),
(17,28,17,17,12,98),
(17,29,30,2,36,138),
(17,30,13,17,52,138),
(17,31,18,6,5,90),
(17,32,21,20,11,90),
(17,33,11,15,17,90),
(17,34,26,22,33,98),
(17,35,14,14,14,132),
(18,1,19,7,54,22),
(18,2,26,3,52,22),
(18,3,30,21,26,22),
(18,4,29,6,58,22),
(18,5,6,3,8,22),
(18,6,10,7,16,22),
(18,7,8,21,23,22),
(18,8,9,11,46,22),
(18,9,10,3,13,22),
(18,10,21,15,34,22),
(18,11,23,3,2,22),
(18,12,27,22,13,22),
(18,13,4,16,11,22),
(18,14,26,13,10,22),
(18,15,27,20,21,22),
(18,16,15,12,2,22),
(18,17,15,16,19,22),
(18,18,6,21,7,22),
(18,19,1,12,7,22),
(18,20,1,18,14,22),
(18,21,30,8,49,22),
(18,22,27,9,21,22),
(18,23,21,6,27,22),
(18,24,19,10,4,22),
(18,25,17,2,36,22),
(18,26,13,17,46,22),
(18,27,16,8,6,22),
(18,28,6,7,51,22),
(18,29,11,3,6,22),
(18,30,19,12,45,22),
(18,31,25,14,53,22),
(18,32,4,6,35,22),
(18,33,24,16,51,22),
(18,34,22,3,55,22),
(18,35,30,6,54,22),
(18,36,14,0,18,22),
(18,37,28,1,40,22),
(18,38,8,14,16,22),
(18,39,1,8,39,22),
(18,40,4,20,8,22),
(18,41,21,1,24,22),
(18,42,28,21,4,22),
(18,43,27,12,43,22),
(18,44,26,13,44,22),
(18,45,1,8,5,22),
(18,46,10,4,19,22),
(18,47,14,6,41,22),
(18,48,21,2,50,22),
(18,49,25,23,22,22),
(18,50,17,19,37,22),
(18,51,21,11,43,22),
(18,52,14,7,13,22),
(19,1,17,1,52,127),
(19,2,8,18,23,127),
(19,3,5,8,10,127),
(19,4,16,5,57,127),
(19,5,3,4,30,127),
(19,6,3,10,13,127),
(19,7,3,6,25,36),
(19,8,2,17,58,36),
(19,9,13,18,33,127),
(19,10,4,16,1,127),
(19,11,12,7,29,127),
(19,12,23,11,29,36),
(19,13,26,14,14,127),
(19,14,18,18,22,127),
(19,15,31,15,7,127),
(19,16,28,13,31,127),
(19,17,13,13,21,127),
(19,18,27,8,8,36),
(19,19,3,10,31,127),
(19,20,14,18,42,127),
(19,21,20,13,40,111),
(19,22,2,20,12,127),
(19,23,9,6,3,111),
(19,24,28,19,21,36),
(19,25,20,1,35,36),
(19,26,31,7,22,36),
(19,27,26,1,28,127),
(19,28,2,13,52,36),
(19,29,25,9,13,127),
(19,30,25,23,10,36),
(19,31,22,4,57,127),
(19,32,5,21,6,36),
(19,33,18,7,49,111),
(19,34,25,15,42,36),
(19,35,29,4,37,111),
(19,36,23,21,13,36),
(19,37,30,18,15,127),
(19,38,25,19,19,36),
(19,39,15,2,48,36),
(19,40,7,1,24,36),
(19,41,17,11,36,127),
(19,42,18,18,18,111),
(19,43,1,3,0,111),
(19,44,11,11,54,36),
(19,45,12,16,8,127),
(19,46,19,4,16,36),
(19,47,23,23,2,111),
(19,48,24,16,2,111),
(19,49,27,20,12,111),
(19,50,20,22,19,36),
(19,51,28,0,45,36),
(20,1,14,20,39,6),
(20,2,6,21,43,29),
(20,3,25,3,23,67),
(20,4,12,3,3,67),
(20,5,29,0,50,6),
(20,6,13,6,8,6),
(20,7,19,9,8,6),
(20,8,18,5,38,44),
(20,9,22,19,44,29),
(20,10,28,1,52,29),
(20,11,28,4,0,44),
(20,12,9,4,25,44),
(20,13,18,17,34,6),
(20,14,11,18,52,67),
(20,15,7,6,49,29),
(20,16,4,10,25,29),
(20,17,17,7,3,29),
(20,18,10,0,16,44),
(20,19,16,8,30,59),
(20,20,18,8,35,29),
(20,21,6,4,22,6),
(20,22,24,17,59,67),
(20,23,12,17,19,67),
(20,24,3,3,56,67),
(20,25,16,17,33,44),
(20,26,2,2,59,44),
(20,27,1,10,0,29),
(20,28,12,20,24,29),
(20,29,4,12,20,6),
(20,30,9,5,42,6),
(20,31,8,12,7,59),
(20,32,24,13,13,6),
(20,33,25,12,53,67),
(20,34,22,11,58,59),
(20,35,18,0,5,6),
(20,36,5,6,8,6),
(20,37,12,10,51,6),
(20,38,15,6,36,29),
(20,39,28,21,45,29),
(20,40,22,5,40,67),
(20,41,30,17,28,6),
(20,42,11,18,56,44),
(20,43,5,9,25,59),
(20,44,19,19,35,6),
(20,45,9,15,30,67),
(20,46,8,21,19,6),
(20,47,13,13,12,6),
(20,48,1,4,50,59),
(20,49,26,11,45,29),
(20,50,7,6,13,67),
(20,51,22,2,14,67),
(20,52,17,8,28,59),
(20,53,18,18,12,59),
(20,54,22,4,47,6),
(20,55,16,7,5,67),
(20,56,11,22,52,59),
(20,57,3,12,25,6),
(20,58,10,12,21,29),
(20,59,24,13,22,67),
(21,1,5,21,9,11),
(21,2,19,0,5,10),
(21,3,16,4,37,45),
(21,4,22,21,34,60),
(21,5,14,20,3,11),
(21,6,26,2,6,63),
(21,7,13,1,25,45),
(21,8,22,13,49,60),
(21,9,11,21,25,10),
(21,10,12,11,50,45),
(21,11,10,23,10,116),
(21,12,15,13,55,45),
(21,13,7,11,13,116),
(21,14,28,22,56,60),
(21,15,13,13,36,10),
(21,16,4,11,53,10),
(21,17,3,7,8,60),
(21,18,5,0,43,63),
(21,19,5,16,46,10),
(21,20,24,11,1,63),
(21,21,20,3,11,116),
(21,22,26,21,34,116),
(21,23,28,11,48,10),
(21,24,7,5,58,45),
(21,25,21,10,0,63),
(21,26,19,19,3,60),
(21,27,6,23,21,10),
(21,28,7,14,32,11),
(21,29,10,23,20,63),
(21,30,19,10,59,11),
(21,31,25,3,50,63),
(21,32,4,22,47,63),
(21,33,24,8,50,45),
(21,34,3,18,4,45),
(21,35,21,4,41,17),
(21,36,21,10,31,45),
(21,37,23,3,43,10),
(22,1,20,0,41,58),
(22,2,3,15,18,50),
(22,3,24,17,25,58),
(22,4,11,16,43,50),
(22,5,12,20,17,58),
(22,6,21,6,39,125),
(22,7,18,20,30,58),
(22,8,30,4,27,50),
(22,9,27,18,19,58),
(22,10,29,3,57,125),
(22,11,24,3,36,125),
(22,12,14,16,12,58),
(22,13,2,7,13,50),
(22,14,6,14,59,125),
(22,15,10,1,4,58),
(22,16,27,2,54,50),
(22,17,4,21,32,125),
(22,18,7,13,39,58),
(22,19,22,18,32,125),
(22,20,6,21,15,50),
(22,21,15,13,16,58),
(22,22,15,9,42,125),
(22,23,28,10,22,125),
(22,24,28,7,47,50),
(22,25,15,4,13,58),
(22,26,25,15,34,125),
(22,27,16,3,16,50),
(22,28,10,22,51,58),
(22,29,19,23,9,58),
(22,30,15,19,19,58),
(22,31,11,4,44,50),
(22,32,26,1,22,58),
(22,33,17,5,26,50),
(22,34,14,8,36,58),
(22,35,28,0,23,125),
(22,36,17,4,51,125),
(22,37,8,4,2,58),
(22,38,15,22,48,58),
(23,1,14,1,19,100),
(23,2,21,9,21,100),
(23,3,17,5,47,79),
(23,4,2,14,56,114),
(23,5,2,17,41,114),
(23,6,31,11,56,100),
(23,7,15,17,49,114),
(23,8,27,13,4,114),
(23,9,22,16,5,79),
(23,10,30,0,11,114),
(23,11,24,0,58,79),
(23,12,14,5,36,79),
(23,13,22,23,16,100),
(23,14,3,23,4,79),
(23,15,3,23,47,79),
(23,16,23,17,42,114),
(23,17,4,10,8,114),
(23,18,21,6,27,100),
(23,19,17,23,49,13),
(23,20,20,12,32,114),
(23,21,6,8,17,100),
(23,22,29,17,22,100),
(23,23,12,9,17,114),
(23,24,19,9,42,114),
(23,25,24,20,35,114),
(23,26,12,15,49,114),
(23,27,15,20,22,100),
(23,28,14,21,41,13),
(23,29,24,20,55,114),
(23,30,22,11,45,79),
(23,31,24,20,15,79),
(23,32,20,15,3,100),
(23,33,10,9,47,100),
(23,34,29,16,19,114),
(23,35,17,22,26,13),
(23,36,22,6,45,79),
(23,37,20,16,16,79),
(23,38,21,16,7,79),
(23,39,3,14,10,79),
(23,40,9,10,20,100),
(23,41,26,21,38,13),
(23,42,27,11,44,79),
(23,43,20,21,36,79),
(23,44,29,9,1,114),
(23,45,18,12,3,13),
(23,46,16,21,17,13),
(23,47,28,7,15,114),
(23,48,16,11,7,13),
(23,49,19,15,57,100),
(23,50,21,4,51,100),
(23,51,28,19,41,100),
(23,52,21,9,19,100),
(23,53,12,20,9,13),
(24,1,26,13,4,91),
(24,2,22,23,17,91),
(24,3,3,22,50,117),
(24,4,27,0,58,83),
(24,5,27,8,43,117),
(24,6,5,20,53,91),
(24,7,25,20,31,150),
(24,8,1,7,54,150),
(24,9,7,11,55,117),
(24,10,18,0,49,117),
(24,11,20,22,30,117),
(24,12,30,3,36,83),
(24,13,1,12,16,117),
(24,14,19,1,45,150),
(24,15,5,14,58,83),
(24,16,1,15,18,83),
(24,17,5,2,14,150),
(24,18,30,9,23,150),
(24,19,11,13,25,91),
(24,20,1,0,35,117),
(25,1,26,10,30,34),
(25,2,17,13,46,34),
(25,3,2,23,40,147),
(25,4,27,22,35,130),
(25,5,15,12,9,136),
(25,6,24,7,29,136),
(25,7,24,16,2,130),
(25,8,26,8,52,130),
(25,9,10,21,23,34),
(25,10,19,16,17,136),
(25,11,11,15,22,147),
(25,12,20,5,48,130),
(25,13,21,0,25,136),
(25,14,6,11,21,136),
(25,15,9,10,36,147),
(25,16,8,20,6,34),
(25,17,12,3,35,136),
(25,18,10,20,56,34),
(25,19,20,16,7,130),
(25,20,21,10,45,147),
(25,21,27,5,23,130),
(25,22,24,3,12,34),
(25,23,19,8,57,34),
(25,24,17,10,15,34),
(25,25,8,2,40,130),
(25,26,26,1,2,136),
(25,27,18,0,31,136),
(25,28,30,6,18,34),
(25,29,31,0,48,130),
(25,30,19,14,32,147),
(25,31,16,13,53,34),
(25,32,4,14,54,130),
(25,33,11,1,20,34),
(25,34,11,22,24,147),
(25,35,15,18,54,34),
(26,1,1,3,20,145),
(26,2,8,8,48,87),
(26,3,23,18,8,145),
(26,4,18,10,36,145),
(26,5,14,5,15,137),
(26,6,10,8,32,144),
(26,7,27,1,13,137),
(26,8,6,14,55,144),
(26,9,13,9,20,144),
(26,10,2,20,47,137),
(26,11,31,8,0,137),
(26,12,28,4,21,145),
(26,13,6,5,56,145),
(26,14,16,0,56,137),
(26,15,12,19,44,145),
(26,16,26,16,25,87),
(26,17,11,19,15,145),
(26,18,26,18,53,137),
(26,19,27,4,51,137),
(26,20,26,8,29,137),
(26,21,4,20,17,87),
(26,22,27,2,17,87),
(26,23,17,14,14,144),
(26,24,29,1,7,144),
(26,25,21,5,32,144),
(26,26,13,2,14,87),
(26,27,8,17,42,137),
(26,28,23,13,12,144),
(26,29,1,9,54,145),
(26,30,26,17,39,87),
(27,1,8,7,34,113),
(27,2,17,3,2,113),
(27,3,10,15,34,113),
(27,4,16,22,47,146),
(27,5,6,3,0,113),
(27,6,18,4,31,113),
(27,7,24,8,47,146),
(27,8,14,21,48,113),
(27,9,11,7,42,113),
(27,10,24,18,46,113),
(27,11,10,11,11,113),
(27,12,5,4,37,113),
(27,13,5,12,42,146),
(27,14,17,11,5,113),
(27,15,2,17,2,113),
(27,16,8,1,29,113),
(27,17,3,15,47,146),
(27,18,1,10,49,113),
(27,19,17,20,28,146),
(27,20,21,23,55,113),
(27,21,15,10,23,113),
(27,22,6,20,14,146),
(27,23,5,13,58,113),
(27,24,13,11,31,146),
(27,25,9,5,15,146),
(27,26,2,5,33,146),
(27,27,6,18,36,113),
(27,28,2,14,8,146),
(27,29,30,21,51,113),
(27,30,21,12,57,113),
(27,31,4,17,40,146),
(27,32,15,1,47,113),
(27,33,2,23,38,113),
(27,34,10,19,1,113),
(27,35,19,6,29,146),
(27,36,19,3,42,146),
(27,37,9,13,20,113),
(27,38,23,6,19,113),
(27,39,21,0,8,113),
(27,40,8,13,23,146),
(27,41,13,23,57,146),
(27,42,15,6,9,113),
(27,43,17,0,13,113),
(27,44,13,9,10,146),
(27,45,5,10,49,113),
(27,46,17,15,11,146),
(27,47,25,7,32,113),
(27,48,23,17,44,113),
(27,49,13,13,40,146),
(27,50,28,20,45,146),
(27,51,13,4,31,113),
(27,52,8,15,59,113),
(27,53,15,11,7,146),
(27,54,14,2,23,113),
(27,55,26,18,26,113),
(27,56,6,11,33,146),
(27,57,5,23,43,113),
(28,1,22,23,30,129),
(28,2,5,20,27,39),
(28,3,13,20,58,39),
(28,4,23,2,51,129),
(28,5,27,6,15,129),
(28,6,2,15,42,129),
(28,7,9,17,43,129),
(28,8,16,18,17,30),
(28,9,1,3,17,129),
(28,10,19,4,7,39),
(28,11,31,12,55,30),
(28,12,26,7,38,39),
(28,13,30,18,12,30),
(28,14,17,2,34,129),
(28,15,31,18,19,39),
(28,16,4,18,9,30),
(28,17,23,4,52,39),
(28,18,16,2,20,39),
(28,19,20,9,39,30),
(28,20,19,12,11,39),
(28,21,12,0,24,39),
(28,22,23,17,59,129),
(28,23,5,4,50,30),
(28,24,2,22,26,129),
(28,25,26,23,40,30),
(29,1,25,4,38,42),
(29,2,18,2,38,107),
(29,3,13,1,1,135),
(29,4,7,16,51,107),
(29,5,10,21,35,135),
(29,6,22,23,7,123),
(29,7,25,2,1,135),
(29,8,19,5,21,135),
(29,9,21,0,8,123),
(29,10,26,9,20,135),
(29,11,15,19,59,123),
(29,12,30,4,41,107),
(29,13,12,10,40,135),
(29,14,28,4,48,51),
(29,15,6,5,30,135),
(29,16,16,12,57,51),
(29,17,21,10,8,42),
(29,18,6,4,3,135),
(29,19,27,13,0,42),
(29,20,21,15,50,123),
(29,21,8,10,32,107),
(29,22,29,13,23,107),
(29,23,4,4,17,51),
(29,24,7,9,28,135),
(29,25,17,22,51,123),
(29,26,3,1,19,123),
(29,27,16,14,48,135),
(29,28,20,0,40,51),
(29,29,14,20,28,123),
(29,30,16,8,29,123),
(29,31,18,8,8,42),
(29,32,8,15,58,135),
(29,33,14,4,20,107),
(29,34,5,23,13,135),
(29,35,1,15,53,135),
(29,36,4,5,52,51),
(29,37,27,10,16,123),
(29,38,19,22,42,42),
(29,39,24,18,49,51),
(29,40,20,19,21,107),
(30,1,19,7,11,115),
(30,2,19,2,28,115),
(30,3,11,23,31,134),
(30,4,23,19,26,115),
(30,5,26,1,38,115),
(30,6,21,21,44,76),
(30,7,25,19,33,115),
(30,8,4,15,28,115),
(30,9,1,11,13,24),
(30,10,10,15,38,115),
(30,11,24,16,2,76),
(30,12,21,14,29,134),
(30,13,17,10,0,133),
(30,14,13,19,31,115),
(30,15,3,23,49,76),
(30,16,20,4,10,131),
(30,17,2,17,52,134),
(30,18,26,21,47,24),
(30,19,30,23,4,24),
(30,20,4,18,21,76),
(30,21,11,16,22,131),
(30,22,12,8,8,134),
(30,23,4,7,42,131),
(30,24,24,15,44,24),
(30,25,16,11,55,133),
(30,26,3,3,12,131),
(30,27,1,9,44,24),
(30,28,6,9,10,133),
(30,29,3,13,34,134),
(30,30,19,14,39,133),
(30,31,8,12,14,133),
(30,32,11,11,49,134),
(30,33,6,7,40,76),
(30,34,16,0,36,133),
(30,35,27,14,7,131),
(30,36,10,21,7,134),
(30,37,14,5,12,131),
(30,38,24,8,35,115),
(30,39,2,10,58,133),
(30,40,11,3,11,131);
/*!40000 ALTER TABLE `chat` ENABLE KEYS */;
UNLOCK TABLES;
COMMIT;
SET AUTOCOMMIT=@OLD_AUTOCOMMIT;

--
-- Table structure for table `deck`
--

DROP TABLE IF EXISTS `deck`;
/*!40101 SET @saved_cs_client     = @@character_set_client */;
/*!40101 SET character_set_client = utf8mb4 */;
CREATE TABLE `deck` (
  `akun_id` int(11) NOT NULL,
  `nomor_slot` int(11) NOT NULL,
  `status_aktif` tinyint(1) DEFAULT 0,
  PRIMARY KEY (`akun_id`,`nomor_slot`),
  CONSTRAINT `1` FOREIGN KEY (`akun_id`) REFERENCES `akun` (`akun_id`) ON DELETE CASCADE
) ENGINE=InnoDB DEFAULT CHARSET=utf8mb4 COLLATE=utf8mb4_unicode_ci;
/*!40101 SET character_set_client = @saved_cs_client */;

--
-- Dumping data for table `deck`
--

SET @OLD_AUTOCOMMIT=@@AUTOCOMMIT, @@AUTOCOMMIT=0;
LOCK TABLES `deck` WRITE;
/*!40000 ALTER TABLE `deck` DISABLE KEYS */;
INSERT INTO `deck` VALUES
(1,1,1),
(2,1,1),
(2,2,0),
(2,3,0),
(2,4,0),
(3,1,1),
(3,2,0),
(4,1,1),
(4,2,0),
(4,3,0),
(5,1,1),
(5,2,0),
(5,3,0),
(6,1,1),
(6,2,0),
(6,3,0),
(6,4,0),
(7,1,1),
(7,2,0),
(7,3,0),
(8,1,1),
(9,1,1),
(9,2,0),
(9,3,0),
(9,4,0),
(10,1,1),
(11,1,1),
(11,2,0),
(11,3,0),
(11,4,0),
(11,5,0),
(12,1,1),
(12,2,0),
(12,3,0),
(12,4,0),
(12,5,0),
(13,1,1),
(13,2,0),
(14,1,1),
(14,2,0),
(14,3,0),
(15,1,1),
(15,2,0),
(15,3,0),
(15,4,0),
(15,5,0),
(16,1,1),
(16,2,0),
(16,3,0),
(17,1,1),
(18,1,1),
(18,2,0),
(18,3,0),
(18,4,0),
(19,1,1),
(19,2,0),
(19,3,0),
(19,4,0),
(19,5,0),
(20,1,1),
(20,2,0),
(20,3,0),
(20,4,0),
(21,1,1),
(21,2,0),
(21,3,0),
(21,4,0),
(21,5,0),
(22,1,1),
(22,2,0),
(22,3,0),
(23,1,1),
(23,2,0),
(23,3,0),
(23,4,0),
(23,5,0),
(24,1,1),
(24,2,0),
(24,3,0),
(24,4,0),
(24,5,0),
(25,1,1),
(26,1,1),
(26,2,0),
(27,1,1),
(28,1,1),
(28,2,0),
(28,3,0),
(28,4,0),
(29,1,1),
(29,2,0),
(29,3,0),
(30,1,1),
(30,2,0),
(30,3,0),
(31,1,1),
(31,2,0),
(31,3,0),
(31,4,0),
(31,5,0),
(32,1,1),
(32,2,0),
(32,3,0),
(33,1,1),
(33,2,0),
(34,1,1),
(34,2,0),
(35,1,1),
(35,2,0),
(35,3,0),
(35,4,0),
(35,5,0),
(36,1,1),
(36,2,0),
(36,3,0),
(36,4,0),
(36,5,0),
(37,1,1),
(37,2,0),
(37,3,0),
(37,4,0),
(38,1,1),
(38,2,0),
(38,3,0),
(38,4,0),
(38,5,0),
(39,1,1),
(40,1,1),
(41,1,1),
(42,1,1),
(42,2,0),
(43,1,1),
(43,2,0),
(43,3,0),
(44,1,1),
(44,2,0),
(44,3,0),
(44,4,0),
(45,1,1),
(45,2,0),
(45,3,0),
(45,4,0),
(45,5,0),
(46,1,1),
(46,2,0),
(46,3,0),
(46,4,0),
(47,1,1),
(47,2,0),
(48,1,1),
(48,2,0),
(48,3,0),
(48,4,0),
(48,5,0),
(49,1,1),
(49,2,0),
(49,3,0),
(49,4,0),
(49,5,0),
(50,1,1),
(50,2,0),
(51,1,1),
(51,2,0),
(51,3,0),
(52,1,1),
(52,2,0),
(52,3,0),
(52,4,0),
(52,5,0),
(53,1,1),
(53,2,0),
(53,3,0),
(54,1,1),
(54,2,0),
(55,1,1),
(55,2,0),
(55,3,0),
(55,4,0),
(56,1,1),
(56,2,0),
(56,3,0),
(56,4,0),
(56,5,0),
(57,1,1),
(57,2,0),
(57,3,0),
(58,1,1),
(58,2,0),
(58,3,0),
(58,4,0),
(58,5,0),
(59,1,1),
(59,2,0),
(59,3,0),
(60,1,1),
(60,2,0),
(60,3,0),
(60,4,0),
(60,5,0),
(61,1,1),
(61,2,0),
(61,3,0),
(61,4,0),
(61,5,0),
(62,1,1),
(62,2,0),
(62,3,0),
(62,4,0),
(62,5,0),
(63,1,1),
(63,2,0),
(63,3,0),
(63,4,0),
(64,1,1),
(64,2,0),
(64,3,0),
(64,4,0),
(64,5,0),
(65,1,1),
(65,2,0),
(65,3,0),
(66,1,1),
(66,2,0),
(66,3,0),
(66,4,0),
(67,1,1),
(68,1,1),
(68,2,0),
(68,3,0),
(69,1,1),
(69,2,0),
(69,3,0),
(70,1,1),
(71,1,1),
(71,2,0),
(71,3,0),
(71,4,0),
(72,1,1),
(72,2,0),
(72,3,0),
(72,4,0),
(72,5,0),
(73,1,1),
(73,2,0),
(73,3,0),
(74,1,1),
(75,1,1),
(75,2,0),
(75,3,0),
(75,4,0),
(75,5,0),
(76,1,1),
(76,2,0),
(76,3,0),
(76,4,0),
(77,1,1),
(77,2,0),
(77,3,0),
(78,1,1),
(78,2,0),
(78,3,0),
(78,4,0),
(78,5,0),
(79,1,1),
(79,2,0),
(79,3,0),
(79,4,0),
(79,5,0),
(80,1,1),
(80,2,0),
(81,1,1),
(82,1,1),
(82,2,0),
(82,3,0),
(82,4,0),
(82,5,0),
(83,1,1),
(83,2,0),
(83,3,0),
(83,4,0),
(84,1,1),
(84,2,0),
(85,1,1),
(85,2,0),
(85,3,0),
(85,4,0),
(85,5,0),
(86,1,1),
(86,2,0),
(86,3,0),
(86,4,0),
(86,5,0),
(87,1,1),
(87,2,0),
(87,3,0),
(87,4,0),
(88,1,1),
(88,2,0),
(89,1,1),
(89,2,0),
(90,1,1),
(91,1,1),
(91,2,0),
(91,3,0),
(91,4,0),
(91,5,0),
(92,1,1),
(93,1,1),
(93,2,0),
(94,1,1),
(95,1,1),
(95,2,0),
(95,3,0),
(95,4,0),
(96,1,1),
(96,2,0),
(96,3,0),
(97,1,1),
(97,2,0),
(97,3,0),
(97,4,0),
(98,1,1),
(98,2,0),
(99,1,1),
(99,2,0),
(99,3,0),
(99,4,0),
(100,1,1),
(100,2,0),
(101,1,1),
(101,2,0),
(101,3,0),
(101,4,0),
(102,1,1),
(102,2,0),
(102,3,0),
(102,4,0),
(102,5,0),
(103,1,1),
(103,2,0),
(103,3,0),
(103,4,0),
(103,5,0),
(104,1,1),
(104,2,0),
(104,3,0),
(104,4,0),
(105,1,1),
(106,1,1),
(106,2,0),
(107,1,1),
(107,2,0),
(107,3,0),
(107,4,0),
(107,5,0),
(108,1,1),
(108,2,0),
(109,1,1),
(109,2,0),
(109,3,0),
(109,4,0),
(109,5,0),
(110,1,1),
(110,2,0),
(110,3,0),
(111,1,1),
(111,2,0),
(111,3,0),
(111,4,0),
(112,1,1),
(112,2,0),
(112,3,0),
(112,4,0),
(112,5,0),
(113,1,1),
(113,2,0),
(113,3,0),
(113,4,0),
(114,1,1),
(114,2,0),
(114,3,0),
(115,1,1),
(115,2,0),
(116,1,1),
(116,2,0),
(116,3,0),
(116,4,0),
(117,1,1),
(117,2,0),
(117,3,0),
(117,4,0),
(117,5,0),
(118,1,1),
(118,2,0),
(118,3,0),
(119,1,1),
(119,2,0),
(119,3,0),
(119,4,0),
(119,5,0),
(120,1,1),
(120,2,0),
(120,3,0),
(121,1,1),
(121,2,0),
(121,3,0),
(122,1,1),
(122,2,0),
(122,3,0),
(122,4,0),
(122,5,0),
(123,1,1),
(123,2,0),
(123,3,0),
(123,4,0),
(124,1,1),
(124,2,0),
(125,1,1),
(125,2,0),
(126,1,1),
(126,2,0),
(126,3,0),
(127,1,1),
(127,2,0),
(127,3,0),
(127,4,0),
(127,5,0),
(128,1,1),
(128,2,0),
(128,3,0),
(129,1,1),
(129,2,0),
(130,1,1),
(130,2,0),
(130,3,0),
(131,1,1),
(131,2,0),
(131,3,0),
(132,1,1),
(132,2,0),
(133,1,1),
(133,2,0),
(133,3,0),
(133,4,0),
(134,1,1),
(134,2,0),
(134,3,0),
(135,1,1),
(135,2,0),
(135,3,0),
(135,4,0),
(136,1,1),
(136,2,0),
(136,3,0),
(137,1,1),
(137,2,0),
(137,3,0),
(137,4,0),
(137,5,0),
(138,1,1),
(138,2,0),
(138,3,0),
(139,1,1),
(139,2,0),
(139,3,0),
(140,1,1),
(141,1,1),
(141,2,0),
(141,3,0),
(141,4,0),
(141,5,0),
(142,1,1),
(142,2,0),
(142,3,0),
(142,4,0),
(142,5,0),
(143,1,1),
(143,2,0),
(143,3,0),
(143,4,0),
(144,1,1),
(144,2,0),
(144,3,0),
(144,4,0),
(145,1,1),
(145,2,0),
(145,3,0),
(146,1,1),
(146,2,0),
(147,1,1),
(147,2,0),
(147,3,0),
(148,1,1),
(149,1,1),
(149,2,0),
(149,3,0),
(150,1,1);
/*!40000 ALTER TABLE `deck` ENABLE KEYS */;
UNLOCK TABLES;
COMMIT;
SET AUTOCOMMIT=@OLD_AUTOCOMMIT;

--
-- Table structure for table `isi_deck`
--

DROP TABLE IF EXISTS `isi_deck`;
/*!40101 SET @saved_cs_client     = @@character_set_client */;
/*!40101 SET character_set_client = utf8mb4 */;
CREATE TABLE `isi_deck` (
  `akun_id` int(11) NOT NULL,
  `nomor_slot` int(11) NOT NULL,
  `kartu_id` int(11) NOT NULL,
  PRIMARY KEY (`akun_id`,`nomor_slot`,`kartu_id`),
  KEY `kartu_id` (`kartu_id`),
  CONSTRAINT `1` FOREIGN KEY (`akun_id`, `nomor_slot`) REFERENCES `deck` (`akun_id`, `nomor_slot`) ON DELETE CASCADE,
  CONSTRAINT `2` FOREIGN KEY (`kartu_id`) REFERENCES `kartu` (`kartu_id`) ON DELETE CASCADE
) ENGINE=InnoDB DEFAULT CHARSET=utf8mb4 COLLATE=utf8mb4_unicode_ci;
/*!40101 SET character_set_client = @saved_cs_client */;

--
-- Dumping data for table `isi_deck`
--

SET @OLD_AUTOCOMMIT=@@AUTOCOMMIT, @@AUTOCOMMIT=0;
LOCK TABLES `isi_deck` WRITE;
/*!40000 ALTER TABLE `isi_deck` DISABLE KEYS */;
INSERT INTO `isi_deck` VALUES
(7,1,1),
(7,2,1),
(7,3,1),
(8,1,1),
(9,1,1),
(9,2,1),
(9,4,1),
(15,1,1),
(15,2,1),
(15,3,1),
(15,4,1),
(15,5,1),
(17,1,1),
(20,1,1),
(20,4,1),
(21,2,1),
(21,3,1),
(21,4,1),
(21,5,1),
(23,1,1),
(28,1,1),
(28,2,1),
(28,3,1),
(28,4,1),
(29,3,1),
(32,2,1),
(33,1,1),
(34,1,1),
(34,2,1),
(35,1,1),
(35,2,1),
(35,3,1),
(35,4,1),
(35,5,1),
(38,1,1),
(38,2,1),
(38,3,1),
(43,1,1),
(43,2,1),
(49,2,1),
(49,3,1),
(50,1,1),
(50,2,1),
(56,1,1),
(56,2,1),
(57,2,1),
(57,3,1),
(65,1,1),
(65,2,1),
(68,1,1),
(68,3,1),
(70,1,1),
(73,2,1),
(73,3,1),
(77,1,1),
(77,3,1),
(78,1,1),
(78,2,1),
(78,4,1),
(83,1,1),
(83,2,1),
(83,3,1),
(87,1,1),
(87,3,1),
(95,1,1),
(95,3,1),
(100,2,1),
(101,2,1),
(101,3,1),
(117,2,1),
(117,5,1),
(119,1,1),
(119,2,1),
(119,3,1),
(119,4,1),
(119,5,1),
(121,2,1),
(121,3,1),
(123,1,1),
(123,2,1),
(123,3,1),
(123,4,1),
(124,1,1),
(124,2,1),
(129,1,1),
(129,2,1),
(131,1,1),
(131,2,1),
(132,1,1),
(132,2,1),
(133,2,1),
(133,3,1),
(133,4,1),
(135,3,1),
(135,4,1),
(136,1,1),
(136,3,1),
(137,2,1),
(137,4,1),
(137,5,1),
(138,1,1),
(138,2,1),
(138,3,1),
(139,3,1),
(143,1,1),
(143,2,1),
(143,3,1),
(144,2,1),
(144,3,1),
(145,2,1),
(145,3,1),
(11,2,2),
(12,2,2),
(12,5,2),
(19,1,2),
(19,2,2),
(19,3,2),
(19,4,2),
(19,5,2),
(26,1,2),
(29,2,2),
(29,3,2),
(31,2,2),
(31,3,2),
(31,4,2),
(31,5,2),
(34,1,2),
(34,2,2),
(35,2,2),
(35,3,2),
(35,5,2),
(36,3,2),
(37,4,2),
(45,1,2),
(45,2,2),
(45,4,2),
(45,5,2),
(47,2,2),
(50,1,2),
(51,1,2),
(51,2,2),
(51,3,2),
(52,2,2),
(52,5,2),
(53,1,2),
(54,1,2),
(54,2,2),
(56,2,2),
(56,4,2),
(57,1,2),
(57,2,2),
(58,1,2),
(58,4,2),
(63,1,2),
(64,1,2),
(64,2,2),
(64,4,2),
(64,5,2),
(73,2,2),
(77,1,2),
(77,2,2),
(77,3,2),
(78,1,2),
(78,4,2),
(80,1,2),
(82,1,2),
(82,2,2),
(82,5,2),
(83,1,2),
(83,2,2),
(83,3,2),
(83,4,2),
(91,4,2),
(95,1,2),
(97,1,2),
(97,2,2),
(97,3,2),
(97,4,2),
(98,1,2),
(100,1,2),
(100,2,2),
(102,2,2),
(102,5,2),
(103,2,2),
(103,3,2),
(103,5,2),
(104,1,2),
(104,2,2),
(104,3,2),
(105,1,2),
(106,2,2),
(117,1,2),
(117,2,2),
(117,4,2),
(117,5,2),
(123,4,2),
(126,1,2),
(126,2,2),
(128,1,2),
(128,2,2),
(129,1,2),
(129,2,2),
(131,1,2),
(131,2,2),
(132,1,2),
(132,2,2),
(136,1,2),
(139,1,2),
(139,2,2),
(141,1,2),
(141,2,2),
(141,3,2),
(141,4,2),
(143,1,2),
(143,2,2),
(143,3,2),
(143,4,2),
(144,1,2),
(145,1,2),
(145,2,2),
(145,3,2),
(146,1,2),
(146,2,2),
(150,1,2),
(2,4,3),
(20,1,3),
(20,2,3),
(20,3,3),
(20,4,3),
(24,1,3),
(24,3,3),
(33,2,3),
(42,1,3),
(42,2,3),
(44,2,3),
(44,3,3),
(46,2,3),
(48,1,3),
(48,2,3),
(48,3,3),
(48,4,3),
(48,5,3),
(49,5,3),
(53,3,3),
(54,1,3),
(54,2,3),
(55,3,3),
(56,1,3),
(56,3,3),
(56,4,3),
(56,5,3),
(58,2,3),
(58,4,3),
(59,1,3),
(59,3,3),
(61,1,3),
(61,2,3),
(61,3,3),
(61,4,3),
(61,5,3),
(63,1,3),
(63,2,3),
(63,3,3),
(63,4,3),
(71,1,3),
(71,3,3),
(71,4,3),
(74,1,3),
(84,1,3),
(84,2,3),
(86,1,3),
(86,5,3),
(94,1,3),
(95,4,3),
(96,1,3),
(96,3,3),
(104,4,3),
(105,1,3),
(116,1,3),
(116,4,3),
(118,1,3),
(118,2,3),
(131,1,3),
(131,3,3),
(134,2,3),
(135,1,3),
(135,4,3),
(137,2,3),
(139,1,3),
(139,2,3),
(140,1,3),
(142,2,3),
(142,4,3),
(146,2,3),
(147,2,3),
(149,2,3),
(149,3,3),
(15,1,4),
(15,2,4),
(15,3,4),
(15,4,4),
(15,5,4),
(23,1,4),
(23,4,4),
(29,1,4),
(29,2,4),
(31,1,4),
(32,1,4),
(32,2,4),
(32,3,4),
(34,1,4),
(34,2,4),
(43,1,4),
(43,2,4),
(43,3,4),
(44,1,4),
(44,3,4),
(44,4,4),
(49,2,4),
(50,1,4),
(50,2,4),
(56,1,4),
(56,2,4),
(57,1,4),
(57,2,4),
(57,3,4),
(67,1,4),
(71,1,4),
(75,2,4),
(76,1,4),
(76,3,4),
(76,4,4),
(77,3,4),
(82,1,4),
(83,1,4),
(83,2,4),
(83,3,4),
(83,4,4),
(85,2,4),
(85,3,4),
(85,5,4),
(86,2,4),
(88,1,4),
(91,2,4),
(91,4,4),
(91,5,4),
(97,1,4),
(97,2,4),
(97,3,4),
(97,4,4),
(98,1,4),
(98,2,4),
(100,1,4),
(103,1,4),
(103,4,4),
(104,2,4),
(104,4,4),
(106,1,4),
(106,2,4),
(110,1,4),
(110,2,4),
(110,3,4),
(113,1,4),
(113,2,4),
(113,3,4),
(113,4,4),
(116,1,4),
(116,2,4),
(117,1,4),
(117,3,4),
(117,4,4),
(117,5,4),
(121,2,4),
(123,1,4),
(123,2,4),
(123,4,4),
(124,1,4),
(124,2,4),
(129,1,4),
(130,1,4),
(130,2,4),
(130,3,4),
(133,1,4),
(133,2,4),
(133,4,4),
(135,1,4),
(135,2,4),
(135,3,4),
(136,1,4),
(136,2,4),
(137,2,4),
(137,3,4),
(137,4,4),
(138,3,4),
(139,2,4),
(142,1,4),
(142,2,4),
(144,1,4),
(144,2,4),
(145,1,4),
(145,2,4),
(145,3,4),
(149,1,4),
(149,3,4),
(4,1,5),
(4,2,5),
(4,3,5),
(5,1,5),
(5,2,5),
(28,2,5),
(28,4,5),
(32,1,5),
(32,3,5),
(38,2,5),
(42,1,5),
(42,2,5),
(72,1,5),
(72,2,5),
(72,3,5),
(72,4,5),
(72,5,5),
(84,2,5),
(85,1,5),
(85,2,5),
(85,4,5),
(85,5,5),
(87,1,5),
(87,4,5),
(89,1,5),
(2,3,6),
(8,1,6),
(9,3,6),
(9,4,6),
(12,3,6),
(14,1,6),
(14,2,6),
(22,2,6),
(23,3,6),
(23,5,6),
(31,1,6),
(31,3,6),
(37,1,6),
(37,3,6),
(42,1,6),
(64,4,6),
(64,5,6),
(73,1,6),
(73,2,6),
(86,1,6),
(86,3,6),
(86,4,6),
(105,1,6),
(109,1,6),
(109,3,6),
(115,1,6),
(125,1,6),
(125,2,6),
(135,1,6),
(135,2,6),
(135,4,6),
(142,3,6),
(147,1,6),
(147,2,6),
(147,3,6),
(149,1,6),
(149,2,6),
(149,3,6),
(150,1,6),
(23,1,7),
(29,1,7),
(29,3,7),
(31,1,7),
(31,4,7),
(33,2,7),
(36,2,7),
(36,4,7),
(36,5,7),
(38,1,7),
(38,4,7),
(38,5,7),
(45,1,7),
(45,2,7),
(45,3,7),
(45,4,7),
(45,5,7),
(47,1,7),
(55,1,7),
(55,2,7),
(63,1,7),
(63,3,7),
(63,4,7),
(64,3,7),
(64,5,7),
(65,1,7),
(65,2,7),
(65,3,7),
(66,3,7),
(66,4,7),
(73,2,7),
(75,2,7),
(78,2,7),
(78,3,7),
(78,4,7),
(79,1,7),
(79,2,7),
(79,3,7),
(79,5,7),
(80,1,7),
(88,1,7),
(98,2,7),
(116,1,7),
(116,2,7),
(135,2,7),
(135,3,7),
(135,4,7),
(142,1,7),
(142,2,7),
(142,3,7),
(142,4,7),
(149,1,7),
(149,2,7),
(149,3,7),
(11,1,8),
(11,3,8),
(14,2,8),
(16,1,8),
(22,1,8),
(33,2,8),
(59,2,8),
(59,3,8),
(70,1,8),
(78,3,8),
(78,5,8),
(86,3,8),
(86,5,8),
(109,2,8),
(7,1,9),
(7,2,9),
(7,3,9),
(11,3,9),
(12,1,9),
(14,1,9),
(14,2,9),
(14,3,9),
(24,1,9),
(24,2,9),
(40,1,9),
(44,1,9),
(44,4,9),
(45,3,9),
(45,4,9),
(47,2,9),
(49,1,9),
(49,2,9),
(49,5,9),
(55,3,9),
(56,3,9),
(56,5,9),
(58,1,9),
(58,5,9),
(61,1,9),
(61,2,9),
(61,3,9),
(61,4,9),
(61,5,9),
(71,1,9),
(71,2,9),
(74,1,9),
(76,1,9),
(76,4,9),
(81,1,9),
(82,2,9),
(86,1,9),
(86,4,9),
(95,2,9),
(95,4,9),
(101,1,9),
(101,2,9),
(101,3,9),
(101,4,9),
(102,1,9),
(102,2,9),
(102,3,9),
(102,4,9),
(102,5,9),
(104,2,9),
(104,3,9),
(105,1,9),
(121,1,9),
(121,2,9),
(121,3,9),
(130,1,9),
(130,2,9),
(130,3,9),
(135,1,9),
(135,3,9),
(135,4,9),
(137,1,9),
(137,5,9),
(138,3,9),
(139,1,9),
(139,3,9),
(147,1,9),
(147,2,9),
(7,1,10),
(7,2,10),
(7,3,10),
(9,2,10),
(9,4,10),
(10,1,10),
(13,1,10),
(14,2,10),
(14,3,10),
(19,1,10),
(19,2,10),
(19,3,10),
(19,4,10),
(19,5,10),
(20,2,10),
(20,3,10),
(31,1,10),
(31,4,10),
(32,2,10),
(32,3,10),
(38,2,10),
(38,5,10),
(44,3,10),
(44,4,10),
(46,1,10),
(46,2,10),
(46,4,10),
(47,2,10),
(48,1,10),
(48,2,10),
(48,3,10),
(48,4,10),
(48,5,10),
(49,1,10),
(49,3,10),
(49,5,10),
(53,1,10),
(53,3,10),
(55,3,10),
(55,4,10),
(56,2,10),
(56,3,10),
(56,5,10),
(58,2,10),
(58,3,10),
(66,1,10),
(66,4,10),
(74,1,10),
(75,1,10),
(75,3,10),
(75,4,10),
(80,2,10),
(86,1,10),
(86,2,10),
(88,1,10),
(88,2,10),
(95,3,10),
(95,4,10),
(103,1,10),
(103,3,10),
(103,5,10),
(110,1,10),
(110,3,10),
(119,1,10),
(119,2,10),
(119,3,10),
(119,4,10),
(119,5,10),
(125,1,10),
(125,2,10),
(128,3,10),
(135,4,10),
(139,3,10),
(144,2,10),
(144,3,10),
(150,1,10),
(1,1,11),
(9,2,11),
(9,3,11),
(22,2,11),
(22,3,11),
(32,1,11),
(32,2,11),
(33,2,11),
(44,1,11),
(64,3,11),
(66,2,11),
(66,3,11),
(66,4,11),
(67,1,11),
(80,1,11),
(80,2,11),
(85,4,11),
(85,5,11),
(92,1,11),
(108,1,11),
(108,2,11),
(112,1,11),
(112,5,11),
(125,2,11),
(148,1,11),
(5,1,12),
(12,2,12),
(12,4,12),
(12,5,12),
(21,1,12),
(21,3,12),
(21,4,12),
(21,5,12),
(27,1,12),
(28,3,12),
(28,4,12),
(38,1,12),
(38,4,12),
(38,5,12),
(44,1,12),
(44,2,12),
(44,3,12),
(69,3,12),
(70,1,12),
(78,2,12),
(78,3,12),
(87,1,12),
(87,2,12),
(87,3,12),
(109,1,12),
(115,2,12),
(118,1,12),
(118,3,12),
(146,1,12),
(7,1,13),
(7,2,13),
(7,3,13),
(8,1,13),
(9,1,13),
(9,2,13),
(9,3,13),
(22,1,13),
(22,2,13),
(29,2,13),
(46,2,13),
(49,1,13),
(49,3,13),
(49,4,13),
(49,5,13),
(52,1,13),
(52,2,13),
(52,5,13),
(55,1,13),
(55,2,13),
(62,3,13),
(62,4,13),
(62,5,13),
(73,2,13),
(73,3,13),
(79,1,13),
(79,2,13),
(79,4,13),
(86,1,13),
(86,3,13),
(86,4,13),
(95,3,13),
(98,1,13),
(103,1,13),
(103,2,13),
(103,3,13),
(103,4,13),
(103,5,13),
(105,1,13),
(107,1,13),
(107,2,13),
(107,3,13),
(107,5,13),
(111,2,13),
(111,3,13),
(111,4,13),
(116,4,13),
(126,1,13),
(126,3,13),
(128,1,13),
(128,3,13),
(131,2,13),
(131,3,13),
(149,3,13),
(1,1,14),
(2,2,14),
(2,3,14),
(5,1,14),
(5,2,14),
(5,3,14),
(6,1,14),
(6,4,14),
(18,2,14),
(18,3,14),
(18,4,14),
(30,2,14),
(40,1,14),
(45,3,14),
(45,4,14),
(45,5,14),
(46,2,14),
(46,3,14),
(46,4,14),
(49,4,14),
(53,2,14),
(56,2,14),
(56,3,14),
(56,4,14),
(58,1,14),
(58,3,14),
(58,4,14),
(58,5,14),
(60,2,14),
(61,1,14),
(61,2,14),
(61,3,14),
(61,4,14),
(61,5,14),
(63,2,14),
(63,3,14),
(63,4,14),
(67,1,14),
(76,1,14),
(76,4,14),
(82,2,14),
(82,3,14),
(82,4,14),
(82,5,14),
(84,2,14),
(85,1,14),
(85,2,14),
(85,4,14),
(85,5,14),
(86,1,14),
(86,3,14),
(86,4,14),
(86,5,14),
(92,1,14),
(96,1,14),
(96,2,14),
(96,3,14),
(98,2,14),
(99,3,14),
(102,4,14),
(102,5,14),
(104,3,14),
(104,4,14),
(128,3,14),
(131,2,14),
(131,3,14),
(133,1,14),
(133,3,14),
(135,3,14),
(138,1,14),
(142,4,14),
(147,2,14),
(149,1,14),
(149,2,14),
(149,3,14),
(2,3,15),
(3,1,15),
(3,2,15),
(7,1,15),
(7,2,15),
(7,3,15),
(30,1,15),
(30,3,15),
(33,1,15),
(37,1,15),
(41,1,15),
(42,1,15),
(42,2,15),
(59,1,15),
(59,2,15),
(69,2,15),
(76,2,15),
(76,4,15),
(88,1,15),
(88,2,15),
(90,1,15),
(92,1,15),
(115,2,15),
(118,1,15),
(118,2,15),
(130,1,15),
(130,2,15),
(130,3,15),
(5,3,16),
(13,2,16),
(30,1,16),
(38,1,16),
(38,3,16),
(51,1,16),
(51,2,16),
(51,3,16),
(69,1,16),
(127,2,16),
(127,4,16),
(148,1,16),
(10,1,17),
(17,1,17),
(26,1,17),
(28,1,17),
(28,3,17),
(28,4,17),
(52,1,17),
(52,2,17),
(75,2,17),
(75,4,17),
(76,3,17),
(89,1,17),
(89,2,17),
(112,3,17),
(112,5,17),
(122,1,17),
(122,2,17),
(122,4,17),
(122,5,17),
(127,1,17),
(127,2,17),
(112,4,18),
(3,2,19),
(13,1,19),
(13,2,19),
(30,1,19),
(89,2,19),
(115,1,19),
(132,1,19),
(132,2,19),
(148,1,19),
(22,1,20),
(22,3,20),
(52,4,20),
(64,3,20),
(64,4,20),
(64,5,20),
(75,1,20),
(78,3,20),
(78,4,20),
(78,5,20),
(92,1,20),
(120,1,20),
(120,2,20),
(120,3,20),
(141,1,20),
(15,1,21),
(15,2,21),
(15,3,21),
(15,4,21),
(15,5,21),
(29,1,21),
(29,2,21),
(32,1,21),
(34,1,21),
(35,1,21),
(35,2,21),
(35,3,21),
(40,1,21),
(47,1,21),
(49,1,21),
(49,2,21),
(49,4,21),
(50,2,21),
(52,4,21),
(57,1,21),
(58,1,21),
(64,4,21),
(68,1,21),
(68,2,21),
(68,3,21),
(71,1,21),
(73,2,21),
(77,2,21),
(77,3,21),
(82,1,21),
(82,2,21),
(82,3,21),
(83,1,21),
(83,2,21),
(83,3,21),
(83,4,21),
(84,1,21),
(95,3,21),
(97,1,21),
(97,2,21),
(97,3,21),
(97,4,21),
(99,2,21),
(99,4,21),
(100,2,21),
(101,1,21),
(101,2,21),
(101,4,21),
(104,4,21),
(106,1,21),
(106,2,21),
(108,1,21),
(108,2,21),
(109,1,21),
(109,3,21),
(113,1,21),
(113,2,21),
(113,3,21),
(113,4,21),
(117,1,21),
(117,3,21),
(117,4,21),
(117,5,21),
(119,1,21),
(119,2,21),
(119,3,21),
(119,4,21),
(119,5,21),
(123,1,21),
(123,2,21),
(123,3,21),
(123,4,21),
(124,1,21),
(124,2,21),
(127,2,21),
(127,3,21),
(128,2,21),
(133,2,21),
(136,1,21),
(136,2,21),
(136,3,21),
(139,2,21),
(142,1,21),
(142,3,21),
(142,4,21),
(143,1,21),
(143,2,21),
(143,4,21),
(144,3,21),
(2,4,22),
(11,2,22),
(11,3,22),
(27,1,22),
(28,2,22),
(28,3,22),
(39,1,22),
(44,1,22),
(44,4,22),
(69,2,22),
(69,3,22),
(76,2,22),
(88,1,22),
(88,2,22),
(94,1,22),
(99,1,22),
(99,2,22),
(99,4,22),
(108,1,22),
(111,3,22),
(111,4,22),
(1,1,23),
(2,1,23),
(2,2,23),
(4,1,23),
(4,2,23),
(4,3,23),
(13,2,23),
(25,1,23),
(28,1,23),
(29,1,23),
(29,3,23),
(31,2,23),
(31,3,23),
(31,5,23),
(32,1,23),
(32,2,23),
(34,1,23),
(34,2,23),
(35,1,23),
(35,2,23),
(35,3,23),
(35,4,23),
(35,5,23),
(43,1,23),
(43,2,23),
(43,3,23),
(48,1,23),
(48,2,23),
(48,3,23),
(48,4,23),
(48,5,23),
(49,2,23),
(50,2,23),
(53,3,23),
(56,1,23),
(56,3,23),
(56,4,23),
(58,1,23),
(58,2,23),
(58,3,23),
(58,4,23),
(60,1,23),
(60,2,23),
(60,3,23),
(60,5,23),
(61,1,23),
(61,2,23),
(61,3,23),
(61,4,23),
(61,5,23),
(62,1,23),
(62,2,23),
(62,3,23),
(62,4,23),
(65,1,23),
(65,2,23),
(65,3,23),
(66,2,23),
(68,2,23),
(68,3,23),
(71,1,23),
(75,1,23),
(77,1,23),
(77,2,23),
(79,1,23),
(79,2,23),
(79,3,23),
(79,4,23),
(79,5,23),
(81,1,23),
(82,4,23),
(82,5,23),
(83,1,23),
(83,2,23),
(83,3,23),
(83,4,23),
(91,5,23),
(92,1,23),
(95,1,23),
(96,1,23),
(96,2,23),
(96,3,23),
(97,1,23),
(97,2,23),
(97,3,23),
(97,4,23),
(98,1,23),
(98,2,23),
(101,4,23),
(106,2,23),
(109,2,23),
(109,4,23),
(112,2,23),
(112,5,23),
(113,1,23),
(113,2,23),
(113,3,23),
(113,4,23),
(117,2,23),
(117,5,23),
(123,2,23),
(123,3,23),
(126,1,23),
(126,2,23),
(126,3,23),
(129,1,23),
(129,2,23),
(136,1,23),
(136,3,23),
(137,1,23),
(137,4,23),
(138,1,23),
(138,2,23),
(139,3,23),
(143,1,23),
(143,2,23),
(143,3,23),
(143,4,23),
(144,1,23),
(144,2,23),
(145,1,23),
(145,2,23),
(145,3,23),
(2,1,24),
(2,3,24),
(3,1,24),
(27,1,24),
(33,1,24),
(38,2,24),
(38,3,24),
(38,4,24),
(38,5,24),
(39,1,24),
(42,2,24),
(51,1,24),
(51,2,24),
(51,3,24),
(60,4,24),
(69,2,24),
(72,1,24),
(72,2,24),
(72,3,24),
(72,4,24),
(72,5,24),
(87,1,24),
(87,2,24),
(87,3,24),
(88,1,24),
(88,2,24),
(89,1,24),
(89,2,24),
(102,2,24),
(108,2,24),
(112,1,24),
(112,2,24),
(6,4,25),
(18,1,25),
(18,2,25),
(18,3,25),
(18,4,25),
(31,2,25),
(31,4,25),
(31,5,25),
(41,1,25),
(45,1,25),
(45,2,25),
(45,4,25),
(45,5,25),
(47,1,25),
(47,2,25),
(52,5,25),
(63,1,25),
(63,2,25),
(63,3,25),
(65,1,25),
(65,2,25),
(65,3,25),
(66,4,25),
(69,1,25),
(69,3,25),
(70,1,25),
(73,1,25),
(73,3,25),
(86,2,25),
(87,3,25),
(87,4,25),
(91,3,25),
(91,5,25),
(95,1,25),
(95,4,25),
(101,1,25),
(101,3,25),
(101,4,25),
(107,1,25),
(107,2,25),
(107,3,25),
(107,4,25),
(107,5,25),
(116,3,25),
(116,4,25),
(121,1,25),
(121,2,25),
(122,3,25),
(122,5,25),
(130,2,25),
(130,3,25),
(142,3,25),
(142,4,25),
(149,1,25),
(149,2,25),
(16,3,26),
(32,1,26),
(36,1,26),
(36,3,26),
(59,3,26),
(60,3,26),
(60,5,26),
(72,1,26),
(72,2,26),
(72,3,26),
(72,4,26),
(72,5,26),
(74,1,26),
(78,1,26),
(78,3,26),
(85,1,26),
(85,3,26),
(85,5,26),
(89,1,26),
(89,2,26),
(90,1,26),
(94,1,26),
(99,1,26),
(99,2,26),
(102,3,26),
(125,2,26),
(134,1,26),
(140,1,26),
(146,1,26),
(146,2,26),
(11,2,27),
(11,4,27),
(14,2,27),
(14,3,27),
(17,1,27),
(30,2,27),
(32,2,27),
(33,1,27),
(33,2,27),
(36,1,27),
(36,4,27),
(39,1,27),
(52,1,27),
(52,3,27),
(64,1,27),
(64,5,27),
(69,1,27),
(69,3,27),
(89,1,27),
(89,2,27),
(125,1,27),
(125,2,27),
(141,3,27),
(141,5,27),
(146,1,27),
(146,2,27),
(5,1,28),
(8,1,28),
(13,2,28),
(15,2,28),
(15,3,28),
(15,4,28),
(15,5,28),
(24,3,28),
(24,5,28),
(28,1,28),
(28,2,28),
(29,1,28),
(29,2,28),
(31,1,28),
(33,2,28),
(34,2,28),
(43,1,28),
(43,2,28),
(43,3,28),
(46,3,28),
(46,4,28),
(50,1,28),
(50,2,28),
(52,1,28),
(53,2,28),
(53,3,28),
(54,2,28),
(55,1,28),
(55,2,28),
(57,1,28),
(57,2,28),
(57,3,28),
(68,2,28),
(68,3,28),
(70,1,28),
(71,2,28),
(71,4,28),
(73,1,28),
(77,1,28),
(77,2,28),
(77,3,28),
(79,1,28),
(79,2,28),
(79,4,28),
(79,5,28),
(82,1,28),
(82,2,28),
(82,4,28),
(83,2,28),
(83,3,28),
(83,4,28),
(91,1,28),
(91,2,28),
(91,3,28),
(91,4,28),
(94,1,28),
(96,1,28),
(96,2,28),
(96,3,28),
(97,1,28),
(97,2,28),
(97,3,28),
(97,4,28),
(98,1,28),
(100,1,28),
(100,2,28),
(101,1,28),
(101,4,28),
(104,3,28),
(106,1,28),
(106,2,28),
(116,3,28),
(117,1,28),
(117,2,28),
(117,3,28),
(117,5,28),
(120,1,28),
(120,2,28),
(120,3,28),
(121,1,28),
(121,2,28),
(123,1,28),
(123,2,28),
(123,3,28),
(123,4,28),
(126,3,28),
(127,5,28),
(128,3,28),
(129,1,28),
(129,2,28),
(135,2,28),
(135,3,28),
(136,2,28),
(137,1,28),
(137,2,28),
(137,3,28),
(137,4,28),
(137,5,28),
(138,2,28),
(138,3,28),
(139,2,28),
(139,3,28),
(142,2,28),
(142,4,28),
(143,2,28),
(143,3,28),
(143,4,28),
(144,1,28),
(144,3,28),
(145,1,28),
(145,2,28),
(145,3,28),
(147,1,28),
(147,2,28),
(147,3,28),
(149,1,28),
(149,2,28),
(149,3,28),
(8,1,29),
(15,1,29),
(15,2,29),
(15,3,29),
(15,4,29),
(15,5,29),
(20,1,29),
(20,2,29),
(20,3,29),
(20,4,29),
(22,3,29),
(24,2,29),
(26,2,29),
(33,1,29),
(34,1,29),
(35,4,29),
(35,5,29),
(37,2,29),
(37,3,29),
(37,4,29),
(42,1,29),
(42,2,29),
(43,1,29),
(43,2,29),
(43,3,29),
(49,5,29),
(53,3,29),
(55,1,29),
(55,4,29),
(56,1,29),
(56,4,29),
(57,1,29),
(57,2,29),
(57,3,29),
(58,1,29),
(58,5,29),
(68,1,29),
(68,2,29),
(68,3,29),
(79,2,29),
(79,3,29),
(79,4,29),
(79,5,29),
(82,2,29),
(82,4,29),
(84,1,29),
(91,1,29),
(91,3,29),
(94,1,29),
(95,2,29),
(95,3,29),
(95,4,29),
(96,1,29),
(96,2,29),
(96,3,29),
(97,1,29),
(97,2,29),
(97,3,29),
(97,4,29),
(99,1,29),
(99,2,29),
(99,3,29),
(100,1,29),
(103,2,29),
(103,3,29),
(103,4,29),
(103,5,29),
(104,3,29),
(106,1,29),
(117,2,29),
(117,4,29),
(122,1,29),
(122,2,29),
(122,3,29),
(122,4,29),
(123,3,29),
(124,1,29),
(124,2,29),
(126,2,29),
(128,3,29),
(135,4,29),
(136,1,29),
(136,2,29),
(136,3,29),
(137,3,29),
(137,5,29),
(138,2,29),
(139,3,29),
(142,1,29),
(142,3,29),
(142,5,29),
(143,1,29),
(143,3,29),
(143,4,29),
(144,1,29),
(144,4,29),
(145,1,29),
(145,2,29),
(145,3,29),
(147,2,29),
(147,3,29),
(4,1,30),
(4,2,30),
(4,3,30),
(18,1,30),
(18,2,30),
(18,3,30),
(18,4,30),
(25,1,30),
(31,2,30),
(31,3,30),
(36,4,30),
(40,1,30),
(45,1,30),
(45,2,30),
(45,3,30),
(45,4,30),
(45,5,30),
(48,1,30),
(48,2,30),
(48,3,30),
(48,4,30),
(48,5,30),
(49,4,30),
(53,3,30),
(58,1,30),
(58,2,30),
(58,4,30),
(63,3,30),
(71,1,30),
(71,2,30),
(71,4,30),
(81,1,30),
(82,1,30),
(82,4,30),
(82,5,30),
(86,2,30),
(86,5,30),
(99,2,30),
(99,3,30),
(99,4,30),
(101,2,30),
(101,3,30),
(101,4,30),
(102,3,30),
(105,1,30),
(110,1,30),
(110,2,30),
(110,3,30),
(121,1,30),
(122,1,30),
(122,2,30),
(122,3,30),
(122,4,30),
(131,3,30),
(133,2,30),
(133,3,30),
(135,1,30),
(137,2,30),
(137,5,30),
(141,1,30),
(141,2,30),
(144,1,30),
(144,2,30),
(144,4,30),
(147,1,30),
(147,2,30),
(3,1,31),
(3,2,31),
(13,1,31),
(14,1,31),
(38,2,31),
(39,1,31),
(41,1,31),
(52,1,31),
(54,1,31),
(64,1,31),
(64,3,31),
(64,4,31),
(105,1,31),
(118,1,31),
(118,2,31),
(118,3,31),
(125,1,31),
(134,1,31),
(134,2,31),
(134,3,31),
(5,2,32),
(5,3,32),
(16,1,32),
(16,2,32),
(37,4,32),
(39,1,32),
(52,2,32),
(52,3,32),
(52,5,32),
(88,1,32),
(88,2,32),
(90,1,32),
(108,1,32),
(108,2,32),
(120,1,32),
(120,2,32),
(120,3,32),
(146,1,32),
(2,1,33),
(2,2,33),
(2,4,33),
(5,1,33),
(5,3,33),
(12,1,33),
(12,3,33),
(37,2,33),
(37,3,33),
(37,4,33),
(60,2,33),
(60,3,33),
(64,2,33),
(64,3,33),
(75,1,33),
(75,5,33),
(80,1,33),
(114,1,33),
(114,2,33),
(114,3,33),
(125,1,33),
(125,2,33),
(146,1,33),
(6,1,34),
(6,2,34),
(6,3,34),
(14,1,34),
(14,2,34),
(16,1,34),
(16,2,34),
(16,3,34),
(19,1,34),
(19,2,34),
(19,3,34),
(19,4,34),
(19,5,34),
(20,1,34),
(20,2,34),
(20,3,34),
(20,4,34),
(22,1,34),
(22,2,34),
(23,2,34),
(23,4,34),
(26,2,34),
(29,3,34),
(36,1,34),
(36,2,34),
(36,3,34),
(36,5,34),
(38,2,34),
(38,5,34),
(46,3,34),
(47,1,34),
(48,1,34),
(48,2,34),
(48,3,34),
(48,4,34),
(48,5,34),
(49,2,34),
(49,4,34),
(53,3,34),
(56,3,34),
(56,5,34),
(66,1,34),
(66,2,34),
(66,3,34),
(66,4,34),
(69,1,34),
(71,2,34),
(79,2,34),
(79,3,34),
(79,4,34),
(82,3,34),
(84,1,34),
(91,1,34),
(91,2,34),
(91,4,34),
(95,1,34),
(95,4,34),
(96,2,34),
(101,1,34),
(101,3,34),
(103,1,34),
(103,2,34),
(103,3,34),
(103,4,34),
(103,5,34),
(104,1,34),
(104,3,34),
(104,4,34),
(110,1,34),
(110,2,34),
(110,3,34),
(112,3,34),
(112,4,34),
(112,5,34),
(133,1,34),
(133,2,34),
(133,3,34),
(134,2,34),
(137,3,34),
(137,4,34),
(144,3,34),
(144,4,34),
(5,1,35),
(5,2,35),
(5,3,35),
(6,1,35),
(6,2,35),
(6,3,35),
(13,1,35),
(16,1,35),
(16,2,35),
(16,3,35),
(22,1,35),
(22,2,35),
(22,3,35),
(23,1,35),
(23,5,35),
(31,2,35),
(33,2,35),
(38,1,35),
(38,3,35),
(46,1,35),
(46,4,35),
(49,1,35),
(49,5,35),
(54,1,35),
(54,2,35),
(55,1,35),
(55,4,35),
(61,1,35),
(61,2,35),
(61,3,35),
(61,4,35),
(61,5,35),
(63,3,35),
(65,1,35),
(65,3,35),
(73,1,35),
(73,3,35),
(79,3,35),
(79,4,35),
(79,5,35),
(84,2,35),
(91,2,35),
(91,3,35),
(91,4,35),
(91,5,35),
(94,1,35),
(110,1,35),
(110,2,35),
(110,3,35),
(111,1,35),
(111,2,35),
(111,3,35),
(111,4,35),
(116,3,35),
(116,4,35),
(128,1,35),
(128,2,35),
(134,1,35),
(134,3,35),
(138,1,35),
(142,1,35),
(142,2,35),
(142,5,35),
(147,1,35),
(147,3,35),
(30,1,37),
(30,3,37),
(52,2,37),
(52,3,37),
(52,4,37),
(67,1,37),
(75,1,37),
(75,2,37),
(75,3,37),
(76,2,38),
(76,3,38),
(112,2,38),
(112,3,38),
(112,5,38),
(4,1,39),
(4,2,39),
(4,3,39),
(26,2,39),
(27,1,39),
(52,3,39),
(70,1,39),
(80,2,39),
(92,1,39),
(109,2,39),
(109,3,39),
(109,4,39),
(134,1,39),
(134,2,39),
(134,3,39),
(4,1,40),
(4,2,40),
(4,3,40),
(12,4,40),
(12,5,40),
(23,1,40),
(23,2,40),
(23,4,40),
(23,5,40),
(29,1,40),
(29,3,40),
(40,1,40),
(42,1,40),
(49,1,40),
(49,3,40),
(49,4,40),
(49,5,40),
(55,1,40),
(55,2,40),
(55,3,40),
(55,4,40),
(62,2,40),
(62,4,40),
(63,4,40),
(64,1,40),
(64,2,40),
(64,4,40),
(64,5,40),
(74,1,40),
(75,3,40),
(75,4,40),
(75,5,40),
(81,1,40),
(92,1,40),
(101,2,40),
(101,4,40),
(102,2,40),
(102,5,40),
(109,1,40),
(109,2,40),
(109,3,40),
(109,5,40),
(114,3,40),
(116,2,40),
(121,1,40),
(121,3,40),
(122,2,40),
(122,3,40),
(142,2,40),
(149,1,40),
(149,2,40),
(149,3,40),
(4,1,41),
(4,2,41),
(4,3,41),
(12,1,41),
(16,1,41),
(16,3,41),
(21,1,41),
(21,2,41),
(21,3,41),
(21,4,41),
(30,1,41),
(30,3,41),
(36,3,41),
(37,1,41),
(102,4,41),
(109,4,41),
(109,5,41),
(150,1,41),
(3,1,42),
(12,1,42),
(12,3,42),
(12,5,42),
(112,1,42),
(112,2,42),
(112,3,42),
(112,4,42),
(3,1,44),
(3,2,44),
(5,1,44),
(12,1,44),
(12,2,44),
(12,3,44),
(12,5,44),
(26,1,44),
(78,2,44),
(78,4,44),
(85,2,44),
(85,4,44),
(87,1,44),
(87,2,44),
(87,3,44),
(11,2,45),
(11,4,45),
(11,5,45),
(18,1,45),
(18,2,45),
(18,3,45),
(26,1,45),
(32,2,45),
(32,3,45),
(41,1,45),
(64,1,45),
(64,2,45),
(64,3,45),
(75,3,45),
(75,4,45),
(75,5,45),
(102,1,45),
(102,2,45),
(102,3,45),
(109,1,45),
(109,3,45),
(109,4,45),
(109,5,45),
(148,1,45),
(10,1,47),
(12,2,47),
(12,4,47),
(22,3,47),
(38,4,47),
(38,5,47),
(51,2,47),
(51,3,47),
(75,1,47),
(75,3,47),
(76,1,47),
(76,4,47),
(9,1,48),
(9,2,48),
(9,3,48),
(19,1,48),
(19,2,48),
(19,3,48),
(19,4,48),
(19,5,48),
(23,2,48),
(23,4,48),
(24,2,48),
(24,3,48),
(24,4,48),
(32,3,48),
(45,1,48),
(45,3,48),
(45,5,48),
(46,1,48),
(46,2,48),
(46,3,48),
(46,4,48),
(47,1,48),
(53,1,48),
(53,2,48),
(55,4,48),
(56,1,48),
(56,2,48),
(56,3,48),
(56,5,48),
(59,1,48),
(66,1,48),
(66,3,48),
(69,2,48),
(69,3,48),
(71,2,48),
(71,3,48),
(73,1,48),
(78,1,48),
(82,3,48),
(82,5,48),
(91,1,48),
(91,3,48),
(91,4,48),
(93,1,48),
(93,2,48),
(95,1,48),
(95,2,48),
(95,3,48),
(96,1,48),
(96,2,48),
(107,1,48),
(107,2,48),
(107,3,48),
(107,4,48),
(107,5,48),
(110,1,48),
(110,2,48),
(114,3,48),
(115,1,48),
(116,4,48),
(122,1,48),
(126,2,48),
(126,3,48),
(128,1,48),
(128,2,48),
(130,1,48),
(130,3,48),
(131,1,48),
(139,1,48),
(139,2,48),
(144,2,48),
(144,4,48),
(147,1,48),
(147,3,48),
(2,1,51),
(2,4,51),
(17,1,51),
(32,3,51),
(38,2,51),
(44,2,51),
(72,1,51),
(72,2,51),
(72,3,51),
(72,4,51),
(72,5,51),
(86,1,51),
(86,2,51),
(86,3,51),
(86,4,51),
(89,1,51),
(93,2,51),
(111,1,51),
(111,3,51),
(111,4,51),
(122,2,51),
(122,3,51),
(122,5,51),
(2,2,52),
(2,4,52),
(11,2,52),
(11,5,52),
(17,1,52),
(22,3,52),
(39,1,52),
(64,3,52),
(66,1,52),
(66,2,52),
(66,3,52),
(72,1,52),
(72,2,52),
(72,3,52),
(72,4,52),
(72,5,52),
(75,1,52),
(75,3,52),
(75,4,52),
(93,1,52),
(93,2,52),
(99,2,52),
(99,3,52),
(109,1,52),
(109,2,52),
(109,5,52),
(112,2,52),
(112,3,52),
(112,4,52),
(114,1,52),
(114,2,52),
(146,1,52),
(5,2,53),
(5,3,53),
(6,2,53),
(6,3,53),
(6,4,53),
(7,1,53),
(7,2,53),
(7,3,53),
(19,1,53),
(19,2,53),
(19,3,53),
(19,4,53),
(19,5,53),
(22,3,53),
(23,2,53),
(23,3,53),
(24,1,53),
(24,4,53),
(24,5,53),
(26,1,53),
(31,2,53),
(31,5,53),
(34,1,53),
(35,1,53),
(35,2,53),
(35,3,53),
(35,4,53),
(35,5,53),
(37,1,53),
(37,2,53),
(41,1,53),
(43,1,53),
(43,2,53),
(46,1,53),
(50,1,53),
(50,2,53),
(51,1,53),
(51,3,53),
(55,4,53),
(56,1,53),
(56,4,53),
(58,2,53),
(58,3,53),
(60,1,53),
(65,1,53),
(65,2,53),
(65,3,53),
(66,2,53),
(66,4,53),
(68,1,53),
(68,2,53),
(68,3,53),
(73,1,53),
(73,3,53),
(77,1,53),
(77,2,53),
(82,4,53),
(82,5,53),
(83,1,53),
(83,4,53),
(87,2,53),
(98,1,53),
(98,2,53),
(100,1,53),
(100,2,53),
(104,1,53),
(106,1,53),
(106,2,53),
(107,1,53),
(107,2,53),
(107,4,53),
(109,1,53),
(109,3,53),
(109,5,53),
(113,1,53),
(113,2,53),
(113,3,53),
(113,4,53),
(116,3,53),
(116,4,53),
(117,1,53),
(117,2,53),
(117,3,53),
(117,4,53),
(117,5,53),
(121,2,53),
(123,1,53),
(123,2,53),
(123,3,53),
(123,4,53),
(124,1,53),
(124,2,53),
(129,2,53),
(131,1,53),
(131,2,53),
(131,3,53),
(133,1,53),
(133,2,53),
(133,4,53),
(135,2,53),
(135,3,53),
(136,2,53),
(136,3,53),
(140,1,53),
(142,1,53),
(142,3,53),
(142,5,53),
(143,1,53),
(143,2,53),
(143,3,53),
(145,1,53),
(145,2,53),
(145,3,53),
(3,2,54),
(67,1,54),
(85,1,54),
(85,4,54),
(141,3,55),
(3,1,57),
(141,2,57),
(141,3,57),
(7,1,59),
(7,2,59),
(7,3,59),
(9,1,59),
(9,2,59),
(9,3,59),
(12,2,59),
(12,3,59),
(12,5,59),
(13,1,59),
(30,1,59),
(30,2,59),
(31,3,59),
(31,4,59),
(31,5,59),
(32,3,59),
(33,1,59),
(47,1,59),
(54,1,59),
(54,2,59),
(55,1,59),
(55,2,59),
(55,3,59),
(55,4,59),
(63,1,59),
(63,2,59),
(63,4,59),
(89,2,59),
(91,5,59),
(95,2,59),
(108,1,59),
(112,1,59),
(121,1,59),
(135,2,59),
(140,1,59),
(142,1,59),
(142,4,59),
(142,5,59),
(21,1,61),
(21,2,61),
(21,4,61),
(21,5,61),
(36,1,61),
(52,3,61),
(52,5,61),
(99,1,61),
(99,4,61),
(112,4,61),
(115,2,61),
(127,1,61),
(127,3,61),
(127,4,61),
(127,5,61),
(146,2,61),
(148,1,61),
(28,2,62),
(28,3,62),
(28,4,62),
(115,2,62),
(127,2,62),
(127,3,62),
(127,4,62),
(127,5,62),
(52,4,64),
(76,2,64),
(76,3,64),
(85,3,64),
(85,4,64),
(89,2,64),
(102,4,64),
(102,5,64),
(12,3,66),
(26,1,66),
(26,2,66),
(28,1,66),
(28,2,66),
(28,3,66),
(28,4,66),
(69,2,66),
(127,3,66),
(22,2,68),
(38,4,68),
(38,5,68),
(76,1,68),
(89,1,68),
(89,2,68),
(112,1,68),
(26,1,69),
(51,1,69),
(51,2,69),
(60,1,69),
(60,4,69),
(60,5,69),
(69,1,69),
(69,2,69),
(69,3,69),
(76,2,69),
(76,3,69),
(76,4,69),
(92,1,69),
(99,2,69),
(99,3,69),
(111,1,69),
(111,2,69),
(111,3,69),
(122,1,69),
(122,4,69),
(122,5,69),
(7,1,70),
(7,2,70),
(7,3,70),
(22,1,70),
(28,3,70),
(28,4,70),
(39,1,70),
(44,1,70),
(44,3,70),
(44,4,70),
(52,2,70),
(52,5,70),
(54,1,70),
(54,2,70),
(78,2,70),
(78,4,70),
(78,5,70),
(86,5,70),
(87,4,70),
(115,1,70),
(140,1,70),
(146,2,70),
(62,1,71),
(62,2,71),
(62,3,71),
(62,5,71),
(115,2,71),
(5,2,72),
(5,3,72),
(13,1,72),
(13,2,72),
(16,2,72),
(16,3,72),
(19,1,72),
(19,2,72),
(19,3,72),
(19,4,72),
(19,5,72),
(20,1,72),
(20,2,72),
(20,3,72),
(20,4,72),
(23,3,72),
(25,1,72),
(28,2,72),
(28,4,72),
(31,2,72),
(31,5,72),
(38,1,72),
(40,1,72),
(44,1,72),
(44,2,72),
(44,4,72),
(47,2,72),
(53,2,72),
(54,1,72),
(55,2,72),
(55,3,72),
(56,2,72),
(56,3,72),
(56,5,72),
(58,2,72),
(58,3,72),
(58,4,72),
(65,1,72),
(71,2,72),
(71,3,72),
(73,2,72),
(78,1,72),
(78,2,72),
(78,4,72),
(86,2,72),
(93,2,72),
(101,2,72),
(101,3,72),
(102,2,72),
(104,2,72),
(108,1,72),
(111,1,72),
(111,2,72),
(111,3,72),
(111,4,72),
(119,1,72),
(119,2,72),
(119,3,72),
(119,4,72),
(119,5,72),
(127,2,72),
(127,4,72),
(137,4,72),
(139,1,72),
(139,2,72),
(139,3,72),
(141,3,72),
(148,1,72),
(1,1,73),
(30,2,73),
(52,3,73),
(52,4,73),
(76,4,73),
(84,2,73),
(114,1,73),
(114,2,73),
(114,3,73),
(122,1,73),
(122,5,73),
(2,1,74),
(2,2,74),
(2,4,74),
(14,2,74),
(14,3,74),
(21,1,74),
(21,2,74),
(21,3,74),
(21,5,74),
(26,2,74),
(36,4,74),
(36,5,74),
(52,1,74),
(64,1,74),
(64,2,74),
(64,5,74),
(85,1,74),
(85,2,74),
(85,3,74),
(85,4,74),
(102,2,74),
(102,4,74),
(122,2,74),
(122,3,74),
(122,4,74),
(122,5,74),
(127,1,74),
(127,3,74),
(127,4,74),
(127,5,74),
(5,2,75),
(12,5,75),
(36,1,75),
(36,2,75),
(37,1,75),
(37,2,75),
(37,3,75),
(37,4,75),
(38,1,75),
(38,2,75),
(38,3,75),
(38,4,75),
(52,2,75),
(52,5,75),
(60,1,75),
(60,3,75),
(69,1,75),
(84,1,75),
(84,2,75),
(120,1,75),
(120,2,75),
(120,3,75),
(6,1,76),
(6,2,76),
(6,4,76),
(24,1,76),
(24,4,76),
(25,1,76),
(29,1,76),
(29,2,76),
(32,2,76),
(32,3,76),
(49,4,76),
(58,4,76),
(58,5,76),
(59,1,76),
(59,2,76),
(59,3,76),
(63,1,76),
(63,2,76),
(63,3,76),
(69,1,76),
(71,1,76),
(71,3,76),
(71,4,76),
(75,3,76),
(75,4,76),
(75,5,76),
(78,5,76),
(82,1,76),
(82,2,76),
(82,4,76),
(82,5,76),
(93,1,76),
(93,2,76),
(96,2,76),
(96,3,76),
(102,1,76),
(102,4,76),
(103,4,76),
(103,5,76),
(104,4,76),
(109,1,76),
(109,2,76),
(110,1,76),
(110,2,76),
(110,3,76),
(116,1,76),
(116,2,76),
(116,3,76),
(121,2,76),
(121,3,76),
(126,2,76),
(127,3,76),
(128,1,76),
(128,2,76),
(130,2,76),
(130,3,76),
(135,1,76),
(135,4,76),
(142,5,76),
(147,1,76),
(13,2,77),
(38,4,77),
(38,5,77),
(52,1,77),
(80,2,77),
(108,2,77),
(127,4,77),
(127,5,77),
(141,5,77),
(141,1,78),
(141,2,78),
(141,3,78),
(141,4,78),
(127,1,79),
(127,3,79),
(114,1,80),
(114,2,80),
(4,1,81),
(4,2,81),
(4,3,81),
(16,1,81),
(16,2,81),
(16,3,81),
(30,3,81),
(33,2,81),
(37,4,81),
(44,2,81),
(44,3,81),
(44,4,81),
(51,1,81),
(51,2,81),
(51,3,81),
(76,1,81),
(76,2,81),
(76,3,81),
(76,4,81),
(80,1,81),
(93,1,81),
(93,2,81),
(102,1,81),
(102,3,81),
(102,5,81),
(111,1,81),
(111,2,81),
(111,4,81),
(122,2,81),
(132,1,81),
(132,2,81),
(2,1,83),
(2,2,83),
(3,1,83),
(3,2,83),
(6,1,83),
(6,2,83),
(6,4,83),
(11,3,83),
(13,1,83),
(13,2,83),
(17,1,83),
(20,1,83),
(20,2,83),
(20,3,83),
(20,4,83),
(23,1,83),
(23,3,83),
(23,4,83),
(23,5,83),
(24,3,83),
(24,5,83),
(26,2,83),
(28,1,83),
(42,1,83),
(46,1,83),
(46,2,83),
(46,3,83),
(55,2,83),
(58,5,83),
(62,2,83),
(62,4,83),
(71,2,83),
(71,4,83),
(81,1,83),
(82,3,83),
(86,4,83),
(86,5,83),
(104,2,83),
(104,3,83),
(110,1,83),
(110,2,83),
(110,3,83),
(116,1,83),
(116,2,83),
(125,1,83),
(126,1,83),
(128,1,83),
(128,2,83),
(130,3,83),
(133,1,83),
(133,2,83),
(133,4,83),
(137,1,83),
(137,2,83),
(137,3,83),
(140,1,83),
(142,3,83),
(147,1,83),
(147,3,83),
(6,3,84),
(6,4,84),
(9,1,84),
(9,3,84),
(9,4,84),
(12,4,84),
(18,1,84),
(18,2,84),
(18,4,84),
(23,3,84),
(23,5,84),
(29,2,84),
(29,3,84),
(31,4,84),
(33,1,84),
(41,1,84),
(49,3,84),
(52,1,84),
(52,2,84),
(52,3,84),
(52,4,84),
(55,3,84),
(58,1,84),
(58,2,84),
(59,1,84),
(59,3,84),
(63,1,84),
(63,2,84),
(63,4,84),
(66,2,84),
(66,3,84),
(66,4,84),
(71,1,84),
(71,2,84),
(71,3,84),
(72,1,84),
(72,2,84),
(72,3,84),
(72,4,84),
(72,5,84),
(75,2,84),
(75,4,84),
(75,5,84),
(78,5,84),
(84,2,84),
(85,1,84),
(85,2,84),
(85,3,84),
(85,5,84),
(88,2,84),
(94,1,84),
(96,1,84),
(96,3,84),
(99,4,84),
(104,1,84),
(111,1,84),
(111,2,84),
(111,3,84),
(111,4,84),
(119,1,84),
(119,2,84),
(119,3,84),
(119,4,84),
(119,5,84),
(121,3,84),
(125,1,84),
(126,3,84),
(137,3,84),
(138,1,84),
(138,2,84),
(138,3,84),
(139,1,84),
(141,5,84),
(142,5,84),
(10,1,86),
(11,1,86),
(11,3,86),
(11,5,86),
(21,1,86),
(21,2,86),
(21,3,86),
(21,4,86),
(21,5,86),
(39,1,86),
(54,2,86),
(72,1,86),
(72,2,86),
(72,3,86),
(72,4,86),
(72,5,86),
(74,1,86),
(78,1,86),
(78,2,86),
(78,4,86),
(78,5,86),
(87,1,86),
(87,2,86),
(87,4,86),
(90,1,86),
(105,1,86),
(109,2,86),
(109,4,86),
(109,5,86),
(120,1,86),
(120,2,86),
(120,3,86),
(150,1,86),
(22,1,88),
(62,3,88),
(62,5,88),
(69,3,88),
(76,2,88),
(76,3,88),
(99,1,88),
(99,3,88),
(99,4,88),
(102,1,88),
(102,4,88),
(102,5,88),
(114,2,88),
(10,1,89),
(88,2,89),
(93,1,89),
(114,1,91),
(114,3,91),
(30,2,94),
(42,1,94),
(60,2,94),
(60,3,94),
(60,4,94),
(80,1,94),
(90,1,94),
(112,2,94),
(112,3,94),
(112,5,94),
(134,3,94),
(141,2,94),
(141,4,94),
(141,5,94),
(11,4,96),
(17,1,96),
(37,1,96),
(37,3,96),
(37,4,96),
(41,1,96),
(51,1,96),
(51,2,96),
(51,3,96),
(54,2,96),
(62,2,96),
(62,3,96),
(62,4,96),
(90,1,96),
(99,2,96),
(99,3,96),
(112,1,96),
(140,1,96),
(12,3,98),
(12,5,98),
(27,1,100),
(1,1,101),
(2,2,101),
(2,3,101),
(12,2,101),
(12,3,101),
(12,4,101),
(30,2,101),
(33,1,101),
(78,1,101),
(78,3,101),
(78,5,101),
(88,1,101),
(94,1,101),
(99,1,101),
(99,3,101),
(99,4,101),
(109,2,101),
(109,4,101),
(109,5,101),
(114,1,101),
(114,2,101),
(114,3,101),
(118,1,101),
(118,2,101),
(118,3,101),
(134,1,101),
(134,2,101),
(134,3,101),
(3,2,103),
(6,1,103),
(6,3,103),
(9,1,103),
(9,3,103),
(9,4,103),
(10,1,103),
(11,5,103),
(14,1,103),
(23,1,103),
(23,2,103),
(23,4,103),
(23,5,103),
(30,3,103),
(31,3,103),
(31,5,103),
(36,1,103),
(36,2,103),
(45,1,103),
(45,2,103),
(45,3,103),
(45,5,103),
(49,1,103),
(49,3,103),
(51,1,103),
(51,2,103),
(51,3,103),
(55,4,103),
(59,1,103),
(59,2,103),
(59,3,103),
(60,3,103),
(69,2,103),
(73,1,103),
(73,3,103),
(79,2,103),
(79,3,103),
(79,5,103),
(80,2,103),
(81,1,103),
(84,1,103),
(95,3,103),
(95,4,103),
(103,1,103),
(103,2,103),
(107,1,103),
(107,2,103),
(107,3,103),
(107,4,103),
(107,5,103),
(116,3,103),
(122,3,103),
(122,4,103),
(122,5,103),
(128,1,103),
(131,1,103),
(140,1,103),
(12,4,105),
(13,2,105),
(18,1,105),
(18,3,105),
(18,4,105),
(23,1,105),
(23,2,105),
(23,3,105),
(23,4,105),
(31,1,105),
(31,4,105),
(36,2,105),
(36,4,105),
(46,1,105),
(46,4,105),
(47,1,105),
(53,2,105),
(53,3,105),
(55,1,105),
(55,3,105),
(59,1,105),
(60,1,105),
(60,5,105),
(63,2,105),
(63,4,105),
(71,3,105),
(71,4,105),
(79,1,105),
(79,4,105),
(79,5,105),
(86,1,105),
(86,2,105),
(86,5,105),
(91,3,105),
(91,4,105),
(91,5,105),
(101,2,105),
(101,3,105),
(104,1,105),
(104,2,105),
(104,4,105),
(107,1,105),
(107,2,105),
(107,5,105),
(110,2,105),
(110,3,105),
(121,1,105),
(121,3,105),
(125,1,105),
(126,1,105),
(128,2,105),
(128,3,105),
(130,1,105),
(130,2,105),
(131,1,105),
(131,3,105),
(135,1,105),
(135,2,105),
(135,3,105),
(137,2,105),
(144,2,105),
(144,3,105),
(144,4,105),
(150,1,105),
(4,1,106),
(4,2,106),
(4,3,106),
(28,1,106),
(28,2,106),
(28,3,106),
(37,1,106),
(60,2,106),
(60,3,106),
(60,4,106),
(60,5,106),
(62,1,106),
(62,3,106),
(62,5,106),
(75,2,106),
(75,5,106),
(87,1,106),
(87,2,106),
(87,4,106),
(99,1,106),
(120,1,106),
(120,2,106),
(120,3,106),
(122,1,106),
(122,2,106),
(122,4,106),
(122,5,106),
(127,2,106),
(127,5,106),
(62,1,108),
(115,2,108),
(2,1,109),
(2,4,109),
(67,1,109),
(102,4,109),
(114,2,109),
(134,1,109),
(134,2,109),
(134,3,109),
(2,1,110),
(2,2,110),
(2,3,110),
(2,4,110),
(6,1,110),
(6,4,110),
(8,1,110),
(12,1,110),
(24,4,110),
(25,1,110),
(38,4,110),
(45,2,110),
(45,3,110),
(45,4,110),
(45,5,110),
(47,2,110),
(48,1,110),
(48,2,110),
(48,3,110),
(48,4,110),
(48,5,110),
(49,2,110),
(49,3,110),
(53,1,110),
(53,2,110),
(55,2,110),
(56,4,110),
(56,5,110),
(81,1,110),
(82,1,110),
(84,1,110),
(86,3,110),
(93,2,110),
(95,1,110),
(95,3,110),
(101,1,110),
(104,1,110),
(104,2,110),
(109,3,110),
(109,4,110),
(112,3,110),
(112,4,110),
(115,1,110),
(118,2,110),
(118,3,110),
(126,2,110),
(130,1,110),
(131,1,110),
(131,2,110),
(137,1,110),
(137,4,110),
(139,3,110),
(141,1,110),
(141,2,110),
(141,5,110),
(144,1,110),
(144,4,110),
(147,2,110),
(147,3,110),
(22,2,112),
(62,1,112),
(62,3,112),
(62,5,112),
(69,2,112),
(18,1,113),
(18,2,113),
(18,3,113),
(18,4,113),
(27,1,113),
(36,3,113),
(36,4,113),
(36,5,113),
(38,3,113),
(75,1,113),
(75,2,113),
(9,2,114),
(9,3,114),
(9,4,114),
(13,1,114),
(14,1,114),
(14,3,114),
(15,1,114),
(15,2,114),
(15,3,114),
(15,4,114),
(15,5,114),
(18,1,114),
(18,2,114),
(18,3,114),
(18,4,114),
(23,2,114),
(23,3,114),
(23,5,114),
(31,3,114),
(31,5,114),
(34,1,114),
(34,2,114),
(35,1,114),
(35,2,114),
(35,3,114),
(35,4,114),
(35,5,114),
(43,2,114),
(43,3,114),
(48,1,114),
(48,2,114),
(48,3,114),
(48,4,114),
(48,5,114),
(53,1,114),
(53,2,114),
(57,1,114),
(57,2,114),
(57,3,114),
(58,3,114),
(58,5,114),
(61,1,114),
(61,2,114),
(61,3,114),
(61,4,114),
(61,5,114),
(65,2,114),
(66,1,114),
(66,2,114),
(66,3,114),
(66,4,114),
(68,1,114),
(77,1,114),
(77,2,114),
(77,3,114),
(79,1,114),
(79,3,114),
(82,3,114),
(82,4,114),
(87,1,114),
(87,2,114),
(87,3,114),
(87,4,114),
(91,2,114),
(91,3,114),
(91,4,114),
(91,5,114),
(96,1,114),
(96,2,114),
(96,3,114),
(98,1,114),
(98,2,114),
(100,1,114),
(100,2,114),
(101,1,114),
(101,2,114),
(101,4,114),
(106,1,114),
(108,1,114),
(108,2,114),
(112,1,114),
(112,4,114),
(113,1,114),
(113,2,114),
(113,3,114),
(113,4,114),
(114,2,114),
(116,3,114),
(117,1,114),
(117,3,114),
(119,1,114),
(119,2,114),
(119,3,114),
(119,4,114),
(119,5,114),
(121,1,114),
(121,3,114),
(123,2,114),
(123,4,114),
(128,3,114),
(129,1,114),
(129,2,114),
(131,3,114),
(133,1,114),
(133,3,114),
(133,4,114),
(135,1,114),
(136,1,114),
(136,2,114),
(136,3,114),
(137,3,114),
(143,3,114),
(143,4,114),
(144,3,114),
(144,4,114),
(145,1,114),
(145,2,114),
(145,3,114),
(6,1,115),
(6,2,115),
(8,1,115),
(10,1,115),
(11,3,115),
(11,5,115),
(12,4,115),
(19,1,115),
(19,2,115),
(19,3,115),
(19,4,115),
(19,5,115),
(20,4,115),
(25,1,115),
(30,2,115),
(30,3,115),
(36,1,115),
(36,4,115),
(36,5,115),
(38,3,115),
(49,1,115),
(52,4,115),
(52,5,115),
(53,2,115),
(56,2,115),
(58,2,115),
(58,3,115),
(58,4,115),
(58,5,115),
(71,3,115),
(71,4,115),
(86,3,115),
(86,4,115),
(90,1,115),
(95,2,115),
(119,1,115),
(119,2,115),
(119,3,115),
(119,4,115),
(119,5,115),
(122,1,115),
(126,3,115),
(127,4,115),
(132,1,115),
(132,2,115),
(133,4,115),
(139,1,115),
(139,2,115),
(142,2,115),
(142,3,115),
(142,5,115),
(76,1,116),
(76,3,116),
(1,1,118),
(6,2,118),
(6,3,118),
(6,4,118),
(8,1,118),
(9,1,118),
(9,4,118),
(11,1,118),
(11,3,118),
(11,4,118),
(11,5,118),
(15,1,118),
(15,2,118),
(15,4,118),
(15,5,118),
(17,1,118),
(19,1,118),
(19,2,118),
(19,3,118),
(19,4,118),
(19,5,118),
(22,1,118),
(22,2,118),
(22,3,118),
(23,3,118),
(23,4,118),
(24,1,118),
(24,2,118),
(24,3,118),
(25,1,118),
(30,3,118),
(32,1,118),
(34,2,118),
(35,1,118),
(35,2,118),
(35,3,118),
(35,4,118),
(35,5,118),
(37,2,118),
(37,3,118),
(37,4,118),
(43,1,118),
(43,2,118),
(43,3,118),
(47,1,118),
(47,2,118),
(48,1,118),
(48,2,118),
(48,3,118),
(48,4,118),
(48,5,118),
(50,1,118),
(50,2,118),
(53,1,118),
(54,1,118),
(57,1,118),
(57,2,118),
(57,3,118),
(60,2,118),
(60,5,118),
(64,2,118),
(64,4,118),
(65,3,118),
(68,1,118),
(68,2,118),
(70,1,118),
(73,1,118),
(73,3,118),
(77,1,118),
(77,2,118),
(77,3,118),
(80,2,118),
(83,1,118),
(83,2,118),
(83,3,118),
(83,4,118),
(84,1,118),
(86,4,118),
(86,5,118),
(87,2,118),
(87,3,118),
(90,1,118),
(91,1,118),
(91,2,118),
(93,1,118),
(95,2,118),
(99,4,118),
(100,2,118),
(102,1,118),
(102,3,118),
(103,1,118),
(103,2,118),
(103,3,118),
(103,4,118),
(106,1,118),
(106,2,118),
(113,1,118),
(113,2,118),
(113,3,118),
(113,4,118),
(117,1,118),
(117,3,118),
(117,4,118),
(117,5,118),
(123,1,118),
(123,3,118),
(124,1,118),
(124,2,118),
(126,1,118),
(129,1,118),
(129,2,118),
(130,1,118),
(130,2,118),
(130,3,118),
(133,1,118),
(133,3,118),
(134,1,118),
(134,2,118),
(134,3,118),
(136,3,118),
(137,1,118),
(137,3,118),
(138,1,118),
(138,3,118),
(142,5,118),
(143,1,118),
(143,2,118),
(143,4,118),
(144,1,118),
(144,4,118),
(145,1,118),
(148,1,118),
(149,1,118),
(149,2,118),
(150,1,118),
(3,2,119),
(6,2,119),
(6,3,119),
(14,1,119),
(14,3,119),
(18,1,119),
(18,2,119),
(18,3,119),
(18,4,119),
(28,1,119),
(32,1,119),
(36,2,119),
(36,4,119),
(36,5,119),
(37,2,119),
(41,1,119),
(45,1,119),
(45,2,119),
(45,3,119),
(60,5,119),
(61,1,119),
(61,2,119),
(61,3,119),
(61,4,119),
(61,5,119),
(64,1,119),
(66,1,119),
(69,1,119),
(91,1,119),
(95,2,119),
(95,4,119),
(98,1,119),
(107,2,119),
(107,3,119),
(107,4,119),
(107,5,119),
(109,5,119),
(126,3,119),
(127,1,119),
(127,2,119),
(128,3,119),
(138,1,119),
(138,2,119),
(138,3,119),
(148,1,119),
(80,1,121),
(80,2,121),
(85,1,121),
(85,2,121),
(85,3,121),
(85,5,121),
(87,3,121),
(127,1,121),
(127,4,121),
(141,2,122),
(141,4,122),
(3,1,123),
(12,1,123),
(36,5,123),
(114,3,123),
(127,5,123),
(27,1,124),
(62,1,124),
(62,2,124),
(1,1,125),
(10,1,125),
(11,2,125),
(11,4,125),
(11,5,125),
(12,2,125),
(16,2,125),
(16,3,125),
(21,1,125),
(21,2,125),
(21,3,125),
(21,4,125),
(21,5,125),
(26,1,125),
(36,2,125),
(36,3,125),
(52,3,125),
(52,4,125),
(60,1,125),
(60,2,125),
(60,3,125),
(60,4,125),
(60,5,125),
(70,1,125),
(75,2,125),
(75,3,125),
(75,5,125),
(78,2,125),
(78,3,125),
(112,2,125),
(132,1,125),
(132,2,125),
(5,1,126),
(5,2,126),
(5,3,126),
(9,1,126),
(9,2,126),
(9,4,126),
(14,1,126),
(14,3,126),
(24,1,126),
(24,3,126),
(24,4,126),
(24,5,126),
(25,1,126),
(26,2,126),
(30,1,126),
(30,2,126),
(30,3,126),
(31,1,126),
(31,3,126),
(31,4,126),
(37,1,126),
(37,2,126),
(37,3,126),
(40,1,126),
(42,2,126),
(45,1,126),
(45,2,126),
(45,4,126),
(46,2,126),
(46,3,126),
(60,2,126),
(60,4,126),
(62,1,126),
(62,2,126),
(62,4,126),
(62,5,126),
(63,2,126),
(63,3,126),
(63,4,126),
(74,1,126),
(118,1,126),
(118,3,126),
(126,1,126),
(128,1,126),
(128,2,126),
(141,1,126),
(141,3,126),
(141,4,126),
(11,1,127),
(11,3,127),
(11,4,127),
(60,4,127),
(89,1,127),
(141,1,127),
(141,4,127),
(141,5,127),
(150,1,127),
(27,1,129),
(76,1,129),
(76,2,129),
(112,3,129),
(112,4,129),
(112,5,129),
(115,2,129),
(127,1,129),
(127,2,129),
(127,3,129),
(141,3,129),
(141,5,129),
(15,1,130),
(15,3,130),
(15,5,130),
(16,1,130),
(16,2,130),
(16,3,130),
(23,2,130),
(23,5,130),
(24,1,130),
(24,2,130),
(24,4,130),
(24,5,130),
(29,1,130),
(29,2,130),
(29,3,130),
(31,1,130),
(31,2,130),
(35,1,130),
(35,2,130),
(35,4,130),
(37,2,130),
(37,3,130),
(42,2,130),
(43,1,130),
(43,3,130),
(44,1,130),
(44,2,130),
(44,3,130),
(46,1,130),
(49,2,130),
(49,3,130),
(50,1,130),
(56,5,130),
(57,3,130),
(65,2,130),
(65,3,130),
(68,1,130),
(68,2,130),
(68,3,130),
(73,3,130),
(74,1,130),
(79,1,130),
(79,2,130),
(82,2,130),
(82,3,130),
(83,1,130),
(83,2,130),
(83,3,130),
(83,4,130),
(86,2,130),
(91,1,130),
(91,2,130),
(91,3,130),
(95,1,130),
(95,2,130),
(97,1,130),
(97,2,130),
(97,3,130),
(97,4,130),
(98,2,130),
(100,1,130),
(101,1,130),
(101,3,130),
(103,1,130),
(103,2,130),
(103,3,130),
(103,4,130),
(103,5,130),
(104,1,130),
(106,1,130),
(106,2,130),
(112,5,130),
(113,1,130),
(113,2,130),
(113,3,130),
(113,4,130),
(116,1,130),
(116,2,130),
(116,4,130),
(117,1,130),
(117,2,130),
(117,3,130),
(117,4,130),
(122,3,130),
(122,4,130),
(123,1,130),
(123,2,130),
(123,3,130),
(124,1,130),
(124,2,130),
(126,1,130),
(126,2,130),
(126,3,130),
(129,1,130),
(129,2,130),
(131,2,130),
(133,3,130),
(133,4,130),
(136,1,130),
(136,2,130),
(137,5,130),
(138,1,130),
(138,2,130),
(138,3,130),
(139,1,130),
(143,1,130),
(143,2,130),
(143,3,130),
(143,4,130),
(144,2,130),
(146,1,130),
(146,2,130),
(2,3,132),
(21,1,132),
(21,2,132),
(21,3,132),
(21,4,132),
(21,5,132),
(30,1,132),
(42,2,132),
(59,2,132),
(59,3,132),
(78,1,132),
(78,3,132),
(78,5,132),
(109,3,132),
(109,4,132),
(115,2,132),
(118,1,132),
(118,2,132),
(118,3,132),
(120,1,132),
(120,2,132),
(120,3,132),
(132,1,132),
(132,2,132),
(134,1,132),
(134,2,132),
(11,1,134),
(11,4,134),
(36,3,134),
(60,1,134),
(60,4,134),
(64,1,134),
(64,2,134),
(67,1,134),
(141,1,134),
(141,2,134),
(141,4,134),
(141,5,134),
(146,2,134),
(64,2,135),
(64,3,135),
(64,4,135),
(64,5,135),
(67,1,135),
(80,2,135),
(85,3,135),
(87,4,135),
(99,1,135),
(112,1,135),
(112,2,135),
(132,1,135),
(132,2,135),
(134,3,135),
(115,1,136),
(114,1,137),
(1,1,138),
(12,1,138),
(12,2,138),
(12,4,138),
(26,2,138),
(38,1,138),
(38,3,138),
(62,1,138),
(62,4,138),
(62,5,138),
(72,1,138),
(72,2,138),
(72,3,138),
(72,4,138),
(72,5,138),
(85,1,138),
(85,2,138),
(85,3,138),
(85,4,138),
(85,5,138),
(93,1,138),
(111,1,138),
(111,2,138),
(62,2,139),
(62,3,139),
(62,4,139),
(62,5,139),
(114,1,139),
(115,1,140),
(127,1,142),
(127,5,142),
(2,3,144),
(11,1,144),
(11,2,144),
(14,3,144),
(15,1,144),
(15,2,144),
(15,3,144),
(15,4,144),
(20,1,144),
(20,2,144),
(20,3,144),
(20,4,144),
(24,2,144),
(24,3,144),
(24,5,144),
(34,2,144),
(35,1,144),
(35,3,144),
(35,4,144),
(35,5,144),
(36,2,144),
(36,5,144),
(43,3,144),
(44,3,144),
(46,3,144),
(46,4,144),
(50,1,144),
(50,2,144),
(53,1,144),
(56,4,144),
(57,1,144),
(57,2,144),
(57,3,144),
(59,2,144),
(59,3,144),
(61,1,144),
(61,2,144),
(61,3,144),
(61,4,144),
(61,5,144),
(68,1,144),
(68,2,144),
(68,3,144),
(71,3,144),
(71,4,144),
(73,2,144),
(75,4,144),
(75,5,144),
(77,1,144),
(77,2,144),
(77,3,144),
(79,1,144),
(79,3,144),
(79,4,144),
(79,5,144),
(81,1,144),
(82,1,144),
(82,3,144),
(82,5,144),
(93,2,144),
(97,1,144),
(97,2,144),
(97,3,144),
(97,4,144),
(100,1,144),
(100,2,144),
(102,1,144),
(102,2,144),
(102,3,144),
(103,1,144),
(103,2,144),
(103,3,144),
(103,4,144),
(103,5,144),
(104,1,144),
(104,2,144),
(104,3,144),
(104,4,144),
(107,1,144),
(107,3,144),
(107,4,144),
(108,1,144),
(108,2,144),
(113,1,144),
(113,2,144),
(113,3,144),
(113,4,144),
(117,2,144),
(117,3,144),
(117,4,144),
(118,2,144),
(118,3,144),
(120,1,144),
(120,2,144),
(120,3,144),
(123,1,144),
(123,4,144),
(124,1,144),
(124,2,144),
(125,2,144),
(126,2,144),
(130,1,144),
(130,2,144),
(131,2,144),
(135,2,144),
(136,2,144),
(136,3,144),
(137,1,144),
(137,2,144),
(137,4,144),
(137,5,144),
(138,2,144),
(141,4,144),
(144,3,144),
(147,3,144),
(114,3,145),
(11,1,146),
(14,2,146),
(16,1,146),
(16,2,146),
(21,1,146),
(21,2,146),
(21,3,146),
(21,4,146),
(21,5,146),
(24,2,146),
(24,3,146),
(24,4,146),
(24,5,146),
(40,1,146),
(44,2,146),
(46,2,146),
(46,4,146),
(49,4,146),
(49,5,146),
(59,2,146),
(63,1,146),
(65,1,146),
(65,2,146),
(65,3,146),
(66,1,146),
(80,1,146),
(84,2,146),
(86,3,146),
(87,4,146),
(102,1,146),
(102,3,146),
(102,5,146),
(107,3,146),
(107,4,146),
(107,5,146),
(108,2,146),
(111,1,146),
(111,2,146),
(111,3,146),
(111,4,146),
(116,1,146),
(116,2,146),
(116,3,146),
(118,1,146),
(118,2,146),
(118,3,146),
(121,2,146),
(121,3,146),
(6,3,147),
(11,1,147),
(11,2,147),
(11,4,147),
(11,5,147),
(20,1,147),
(20,2,147),
(20,3,147),
(24,1,147),
(24,2,147),
(24,4,147),
(24,5,147),
(36,1,147),
(36,3,147),
(44,2,147),
(44,4,147),
(46,1,147),
(46,3,147),
(47,2,147),
(53,1,147),
(56,1,147),
(58,3,147),
(58,5,147),
(59,1,147),
(59,2,147),
(60,1,147),
(66,1,147),
(66,2,147),
(66,3,147),
(69,3,147),
(88,2,147),
(91,1,147),
(91,2,147),
(91,5,147),
(93,1,147),
(98,2,147),
(107,1,147),
(107,2,147),
(107,3,147),
(107,4,147),
(107,5,147),
(116,1,147),
(116,2,147),
(116,4,147),
(119,1,147),
(119,2,147),
(119,3,147),
(119,4,147),
(119,5,147),
(125,2,147),
(131,3,147),
(133,1,147),
(133,2,147),
(133,3,147),
(133,4,147),
(137,1,147),
(137,5,147),
(142,1,147),
(142,2,147),
(142,4,147),
(115,1,148);
/*!40000 ALTER TABLE `isi_deck` ENABLE KEYS */;
UNLOCK TABLES;
COMMIT;
SET AUTOCOMMIT=@OLD_AUTOCOMMIT;

--
-- Table structure for table `kartu`
--

DROP TABLE IF EXISTS `kartu`;
/*!40101 SET @saved_cs_client     = @@character_set_client */;
/*!40101 SET character_set_client = utf8mb4 */;
CREATE TABLE `kartu` (
  `kartu_id` int(11) NOT NULL,
  `nama` varchar(50) NOT NULL,
  `deskripsi` text DEFAULT NULL,
  `tipe` varchar(20) NOT NULL,
  `damage` int(11) DEFAULT NULL,
  `elixir` int(11) NOT NULL,
  `rarity` varchar(20) DEFAULT NULL,
  `arena_id` int(11) DEFAULT NULL,
  PRIMARY KEY (`kartu_id`),
  KEY `rarity` (`rarity`),
  KEY `arena_id` (`arena_id`),
  CONSTRAINT `1` FOREIGN KEY (`rarity`) REFERENCES `rarity_stats` (`rarity`),
  CONSTRAINT `2` FOREIGN KEY (`arena_id`) REFERENCES `arena` (`arena_id`)
) ENGINE=InnoDB DEFAULT CHARSET=utf8mb4 COLLATE=utf8mb4_unicode_ci;
/*!40101 SET character_set_client = @saved_cs_client */;

--
-- Dumping data for table `kartu`
--

SET @OLD_AUTOCOMMIT=@@AUTOCOMMIT, @@AUTOCOMMIT=0;
LOCK TABLES `kartu` WRITE;
/*!40000 ALTER TABLE `kartu` DISABLE KEYS */;
INSERT INTO `kartu` VALUES
(1,'Knight','Pasukan melee serbaguna.','Pasukan',75,3,'Common',1),
(2,'Archer','Dua pemanah jarak jauh.','Pasukan',60,3,'Common',1),
(3,'Giant','Tank utama dengan HP besar.','Pasukan',120,5,'Rare',2),
(4,'Goblin','Cepat dan murah.','Pasukan',40,2,'Common',1),
(5,'Witch','Memanggil skeleton berkala.','Pasukan',50,5,'Epic',5),
(6,'Baby Dragon','Serangan area terbang.','Pasukan',80,4,'Epic',3),
(7,'Musketeer','Single target jarak jauh.','Pasukan',95,4,'Rare',3),
(8,'PEKKA','Damage sangat tinggi.','Pasukan',250,7,'Epic',4),
(9,'Minions','Pasukan terbang murah.','Pasukan',45,3,'Common',2),
(10,'Balloon','Target bangunan dari udara.','Pasukan',300,5,'Epic',2),
(11,'Valkyrie','Damage area melee.','Pasukan',100,4,'Rare',4),
(12,'Wizard','Splash damage tinggi.','Pasukan',110,5,'Rare',5),
(13,'Mini PEKKA','Burst damage single.','Pasukan',160,4,'Rare',3),
(14,'Skeleton Army','Kerumunan unit kecil.','Pasukan',35,3,'Epic',2),
(15,'Hog Rider','Serang bangunan cepat.','Pasukan',130,4,'Rare',4),
(16,'Mega Minion','Single target udara.','Pasukan',120,3,'Rare',7),
(17,'Dark Prince','Splash dan charge.','Pasukan',180,4,'Epic',8),
(18,'Electro Wizard','Stun musuh.','Pasukan',100,4,'Legendary',12),
(19,'Lumberjack','Cepat dan rage drop.','Pasukan',140,4,'Legendary',8),
(20,'Sparky','Damage ledakan besar.','Pasukan',220,6,'Legendary',7),
(21,'Fireball','Spell area serbaguna.','Sihir',330,4,'Rare',1),
(22,'Lightning','Spell ke 3 target terdekat.','Sihir',600,6,'Epic',5),
(23,'Arrows','Spell area murah.','Sihir',90,3,'Common',1),
(24,'Earthquake','Efektif lawan bangunan.','Sihir',50,3,'Rare',5),
(25,'Rocket','Damage burst besar.','Sihir',800,6,'Rare',3),
(26,'Freeze','Membekukan unit dan bangunan.','Sihir',0,4,'Epic',4),
(27,'Poison','Damage area durasi.','Sihir',80,4,'Epic',5),
(28,'Zap','Stun singkat area kecil.','Sihir',100,2,'Common',1),
(29,'Cannon','Defensive building murah.','Bangunan',110,3,'Common',1),
(30,'Bomb Tower','Area splash defense.','Bangunan',90,4,'Rare',2),
(31,'Inferno Tower','Melumerkan tank.','Bangunan',100,5,'Rare',4),
(32,'Tesla','Bangunan hidden defense.','Bangunan',120,4,'Common',5),
(33,'X-Bow','Siege building.','Bangunan',70,6,'Epic',6),
(34,'Mortar','Long range siege.','Bangunan',130,4,'Common',2),
(35,'Pasukan Invoker 35','Kartu pasukan hasil generate Faker #35.','Pasukan',182,2,'Legendary',3),
(36,'Pasukan Fury 36','Kartu pasukan hasil generate Faker #36.','Pasukan',120,7,'Epic',19),
(37,'Pasukan Sentinel 37','Kartu pasukan hasil generate Faker #37.','Pasukan',225,2,'Common',8),
(38,'Pasukan Phantom 38','Kartu pasukan hasil generate Faker #38.','Pasukan',65,3,'Common',13),
(39,'Pasukan Phantom 39','Kartu pasukan hasil generate Faker #39.','Pasukan',161,7,'Epic',6),
(40,'Pasukan Blaster 40','Kartu pasukan hasil generate Faker #40.','Pasukan',135,3,'Epic',3),
(41,'Pasukan Drifter 41','Kartu pasukan hasil generate Faker #41.','Pasukan',207,3,'Rare',6),
(42,'Pasukan Invoker 42','Kartu pasukan hasil generate Faker #42.','Pasukan',142,4,'Rare',11),
(43,'Pasukan Guardian 43','Kartu pasukan hasil generate Faker #43.','Pasukan',103,2,'Epic',13),
(44,'Pasukan Phantom 44','Kartu pasukan hasil generate Faker #44.','Pasukan',61,3,'Epic',7),
(45,'Pasukan Invoker 45','Kartu pasukan hasil generate Faker #45.','Pasukan',146,7,'Legendary',5),
(46,'Pasukan Phantom 46','Kartu pasukan hasil generate Faker #46.','Pasukan',80,3,'Epic',19),
(47,'Pasukan Lancer 47','Kartu pasukan hasil generate Faker #47.','Pasukan',194,5,'Epic',8),
(48,'Pasukan Crusher 48','Kartu pasukan hasil generate Faker #48.','Pasukan',175,5,'Common',2),
(49,'Pasukan Ranger 49','Kartu pasukan hasil generate Faker #49.','Pasukan',84,7,'Rare',14),
(50,'Pasukan Drifter 50','Kartu pasukan hasil generate Faker #50.','Pasukan',61,5,'Legendary',20),
(51,'Pasukan Invoker 51','Kartu pasukan hasil generate Faker #51.','Pasukan',180,4,'Common',4),
(52,'Pasukan Fury 52','Kartu pasukan hasil generate Faker #52.','Pasukan',237,4,'Epic',4),
(53,'Pasukan Phantom 53','Kartu pasukan hasil generate Faker #53.','Pasukan',156,3,'Legendary',1),
(54,'Pasukan Phantom 54','Kartu pasukan hasil generate Faker #54.','Pasukan',173,3,'Common',10),
(55,'Pasukan Fury 55','Kartu pasukan hasil generate Faker #55.','Pasukan',200,3,'Rare',12),
(56,'Pasukan Crusher 56','Kartu pasukan hasil generate Faker #56.','Pasukan',183,6,'Common',20),
(57,'Pasukan Blaster 57','Kartu pasukan hasil generate Faker #57.','Pasukan',170,2,'Common',12),
(58,'Pasukan Phantom 58','Kartu pasukan hasil generate Faker #58.','Pasukan',106,2,'Rare',19),
(59,'Pasukan Ranger 59','Kartu pasukan hasil generate Faker #59.','Pasukan',66,7,'Legendary',3),
(60,'Pasukan Fury 60','Kartu pasukan hasil generate Faker #60.','Pasukan',241,3,'Rare',16),
(61,'Pasukan Fury 61','Kartu pasukan hasil generate Faker #61.','Pasukan',87,4,'Legendary',7),
(62,'Pasukan Fury 62','Kartu pasukan hasil generate Faker #62.','Pasukan',238,7,'Rare',10),
(63,'Pasukan Lancer 63','Kartu pasukan hasil generate Faker #63.','Pasukan',216,7,'Epic',15),
(64,'Pasukan Fury 64','Kartu pasukan hasil generate Faker #64.','Pasukan',160,2,'Rare',8),
(65,'Sihir Ranger 65','Kartu sihir hasil generate Faker #65.','Sihir',346,2,'Rare',19),
(66,'Sihir Sentinel 66','Kartu sihir hasil generate Faker #66.','Sihir',7,2,'Common',8),
(67,'Sihir Ranger 67','Kartu sihir hasil generate Faker #67.','Sihir',32,4,'Common',17),
(68,'Sihir Sentinel 68','Kartu sihir hasil generate Faker #68.','Sihir',285,7,'Legendary',7),
(69,'Sihir Fury 69','Kartu sihir hasil generate Faker #69.','Sihir',135,7,'Legendary',8),
(70,'Sihir Invoker 70','Kartu sihir hasil generate Faker #70.','Sihir',416,3,'Common',4),
(71,'Sihir Lancer 71','Kartu sihir hasil generate Faker #71.','Sihir',362,5,'Legendary',15),
(72,'Sihir Guardian 72','Kartu sihir hasil generate Faker #72.','Sihir',689,7,'Common',2),
(73,'Sihir Lancer 73','Kartu sihir hasil generate Faker #73.','Sihir',745,4,'Common',8),
(74,'Sihir Sentinel 74','Kartu sihir hasil generate Faker #74.','Sihir',194,6,'Legendary',5),
(75,'Sihir Lancer 75','Kartu sihir hasil generate Faker #75.','Sihir',187,4,'Legendary',8),
(76,'Sihir Ranger 76','Kartu sihir hasil generate Faker #76.','Sihir',453,6,'Common',2),
(77,'Sihir Fury 77','Kartu sihir hasil generate Faker #77.','Sihir',15,2,'Rare',6),
(78,'Sihir Lancer 78','Kartu sihir hasil generate Faker #78.','Sihir',497,5,'Rare',13),
(79,'Sihir Guardian 79','Kartu sihir hasil generate Faker #79.','Sihir',168,5,'Common',13),
(80,'Sihir Phantom 80','Kartu sihir hasil generate Faker #80.','Sihir',802,5,'Epic',14),
(81,'Sihir Fury 81','Kartu sihir hasil generate Faker #81.','Sihir',677,7,'Legendary',5),
(82,'Sihir Sentinel 82','Kartu sihir hasil generate Faker #82.','Sihir',303,3,'Common',19),
(83,'Sihir Fury 83','Kartu sihir hasil generate Faker #83.','Sihir',62,7,'Epic',2),
(84,'Sihir Guardian 84','Kartu sihir hasil generate Faker #84.','Sihir',598,5,'Rare',2),
(85,'Sihir Fury 85','Kartu sihir hasil generate Faker #85.','Sihir',82,3,'Common',20),
(86,'Sihir Ranger 86','Kartu sihir hasil generate Faker #86.','Sihir',691,3,'Legendary',4),
(87,'Sihir Drifter 87','Kartu sihir hasil generate Faker #87.','Sihir',252,6,'Common',20),
(88,'Sihir Ranger 88','Kartu sihir hasil generate Faker #88.','Sihir',429,7,'Epic',9),
(89,'Sihir Sentinel 89','Kartu sihir hasil generate Faker #89.','Sihir',685,7,'Epic',8),
(90,'Sihir Phantom 90','Kartu sihir hasil generate Faker #90.','Sihir',405,3,'Epic',15),
(91,'Sihir Blaster 91','Kartu sihir hasil generate Faker #91.','Sihir',769,2,'Common',15),
(92,'Sihir Drifter 92','Kartu sihir hasil generate Faker #92.','Sihir',576,2,'Common',18),
(93,'Sihir Sentinel 93','Kartu sihir hasil generate Faker #93.','Sihir',518,4,'Rare',12),
(94,'Sihir Ranger 94','Kartu sihir hasil generate Faker #94.','Sihir',250,4,'Epic',6),
(95,'Sihir Invoker 95','Kartu sihir hasil generate Faker #95.','Sihir',556,7,'Epic',20),
(96,'Sihir Fury 96','Kartu sihir hasil generate Faker #96.','Sihir',8,7,'Epic',4),
(97,'Sihir Crusher 97','Kartu sihir hasil generate Faker #97.','Sihir',270,2,'Common',18),
(98,'Sihir Crusher 98','Kartu sihir hasil generate Faker #98.','Sihir',278,4,'Rare',11),
(99,'Sihir Sentinel 99','Kartu sihir hasil generate Faker #99.','Sihir',703,7,'Epic',17),
(100,'Sihir Invoker 100','Kartu sihir hasil generate Faker #100.','Sihir',257,2,'Common',14),
(101,'Sihir Phantom 101','Kartu sihir hasil generate Faker #101.','Sihir',45,2,'Epic',5),
(102,'Sihir Phantom 102','Kartu sihir hasil generate Faker #102.','Sihir',165,7,'Legendary',18),
(103,'Sihir Lancer 103','Kartu sihir hasil generate Faker #103.','Sihir',574,2,'Common',3),
(104,'Sihir Crusher 104','Kartu sihir hasil generate Faker #104.','Sihir',558,2,'Epic',19),
(105,'Sihir Fury 105','Kartu sihir hasil generate Faker #105.','Sihir',151,5,'Rare',2),
(106,'Sihir Phantom 106','Kartu sihir hasil generate Faker #106.','Sihir',373,2,'Epic',7),
(107,'Bangunan Sentinel 107','Kartu bangunan hasil generate Faker #107.','Bangunan',76,5,'Legendary',20),
(108,'Bangunan Crusher 108','Kartu bangunan hasil generate Faker #108.','Bangunan',110,4,'Rare',14),
(109,'Bangunan Guardian 109','Kartu bangunan hasil generate Faker #109.','Bangunan',95,5,'Legendary',8),
(110,'Bangunan Phantom 110','Kartu bangunan hasil generate Faker #110.','Bangunan',90,3,'Legendary',2),
(111,'Bangunan Invoker 111','Kartu bangunan hasil generate Faker #111.','Bangunan',106,4,'Legendary',12),
(112,'Bangunan Phantom 112','Kartu bangunan hasil generate Faker #112.','Bangunan',108,4,'Common',7),
(113,'Bangunan Lancer 113','Kartu bangunan hasil generate Faker #113.','Bangunan',134,5,'Common',9),
(114,'Bangunan Blaster 114','Kartu bangunan hasil generate Faker #114.','Bangunan',180,6,'Epic',1),
(115,'Bangunan Ranger 115','Kartu bangunan hasil generate Faker #115.','Bangunan',116,4,'Epic',2),
(116,'Bangunan Ranger 116','Kartu bangunan hasil generate Faker #116.','Bangunan',161,5,'Epic',14),
(117,'Bangunan Drifter 117','Kartu bangunan hasil generate Faker #117.','Bangunan',180,3,'Legendary',19),
(118,'Bangunan Sentinel 118','Kartu bangunan hasil generate Faker #118.','Bangunan',115,3,'Legendary',1),
(119,'Bangunan Fury 119','Kartu bangunan hasil generate Faker #119.','Bangunan',100,5,'Legendary',3),
(120,'Bangunan Blaster 120','Kartu bangunan hasil generate Faker #120.','Bangunan',130,3,'Epic',17),
(121,'Bangunan Phantom 121','Kartu bangunan hasil generate Faker #121.','Bangunan',154,5,'Legendary',10),
(122,'Bangunan Fury 122','Kartu bangunan hasil generate Faker #122.','Bangunan',82,4,'Legendary',13),
(123,'Bangunan Crusher 123','Kartu bangunan hasil generate Faker #123.','Bangunan',127,6,'Common',10),
(124,'Bangunan Phantom 124','Kartu bangunan hasil generate Faker #124.','Bangunan',103,6,'Epic',15),
(125,'Bangunan Invoker 125','Kartu bangunan hasil generate Faker #125.','Bangunan',163,4,'Legendary',6),
(126,'Bangunan Ranger 126','Kartu bangunan hasil generate Faker #126.','Bangunan',122,7,'Epic',3),
(127,'Bangunan Sentinel 127','Kartu bangunan hasil generate Faker #127.','Bangunan',129,4,'Rare',5),
(128,'Bangunan Guardian 128','Kartu bangunan hasil generate Faker #128.','Bangunan',61,4,'Legendary',20),
(129,'Bangunan Ranger 129','Kartu bangunan hasil generate Faker #129.','Bangunan',166,6,'Rare',13),
(130,'Bangunan Invoker 130','Kartu bangunan hasil generate Faker #130.','Bangunan',152,4,'Rare',1),
(131,'Bangunan Ranger 131','Kartu bangunan hasil generate Faker #131.','Bangunan',158,4,'Rare',17),
(132,'Bangunan Invoker 132','Kartu bangunan hasil generate Faker #132.','Bangunan',62,7,'Rare',4),
(133,'Bangunan Invoker 133','Kartu bangunan hasil generate Faker #133.','Bangunan',84,6,'Epic',15),
(134,'Bangunan Drifter 134','Kartu bangunan hasil generate Faker #134.','Bangunan',179,6,'Legendary',6),
(135,'Bangunan Invoker 135','Kartu bangunan hasil generate Faker #135.','Bangunan',165,5,'Rare',9),
(136,'Bangunan Fury 136','Kartu bangunan hasil generate Faker #136.','Bangunan',174,4,'Epic',15),
(137,'Bangunan Ranger 137','Kartu bangunan hasil generate Faker #137.','Bangunan',123,4,'Epic',11),
(138,'Bangunan Blaster 138','Kartu bangunan hasil generate Faker #138.','Bangunan',70,4,'Rare',8),
(139,'Bangunan Lancer 139','Kartu bangunan hasil generate Faker #139.','Bangunan',89,4,'Common',14),
(140,'Bangunan Lancer 140','Kartu bangunan hasil generate Faker #140.','Bangunan',134,7,'Legendary',14),
(141,'Bangunan Guardian 141','Kartu bangunan hasil generate Faker #141.','Bangunan',102,6,'Legendary',19),
(142,'Bangunan Guardian 142','Kartu bangunan hasil generate Faker #142.','Bangunan',147,6,'Common',12),
(143,'Bangunan Phantom 143','Kartu bangunan hasil generate Faker #143.','Bangunan',149,6,'Rare',16),
(144,'Bangunan Sentinel 144','Kartu bangunan hasil generate Faker #144.','Bangunan',119,6,'Legendary',1),
(145,'Bangunan Lancer 145','Kartu bangunan hasil generate Faker #145.','Bangunan',136,6,'Rare',15),
(146,'Bangunan Crusher 146','Kartu bangunan hasil generate Faker #146.','Bangunan',56,6,'Common',3),
(147,'Bangunan Lancer 147','Kartu bangunan hasil generate Faker #147.','Bangunan',84,6,'Rare',2),
(148,'Bangunan Phantom 148','Kartu bangunan hasil generate Faker #148.','Bangunan',147,5,'Rare',15),
(149,'Bangunan Blaster 149','Kartu bangunan hasil generate Faker #149.','Bangunan',136,6,'Epic',14),
(150,'Bangunan Phantom 150','Kartu bangunan hasil generate Faker #150.','Bangunan',70,6,'Common',18);
/*!40000 ALTER TABLE `kartu` ENABLE KEYS */;
UNLOCK TABLES;
COMMIT;
SET AUTOCOMMIT=@OLD_AUTOCOMMIT;

--
-- Table structure for table `klan`
--

DROP TABLE IF EXISTS `klan`;
/*!40101 SET @saved_cs_client     = @@character_set_client */;
/*!40101 SET character_set_client = utf8mb4 */;
CREATE TABLE `klan` (
  `klan_id` int(11) NOT NULL,
  `nama_klan` varchar(50) NOT NULL,
  `negara_asal_klan` varchar(50) DEFAULT NULL,
  `piala_dibutuhkan` int(11) NOT NULL,
  `deskripsi` text DEFAULT NULL,
  `tipe_klan` varchar(20) DEFAULT NULL,
  PRIMARY KEY (`klan_id`)
) ENGINE=InnoDB DEFAULT CHARSET=utf8mb4 COLLATE=utf8mb4_unicode_ci;
/*!40101 SET character_set_client = @saved_cs_client */;

--
-- Dumping data for table `klan`
--

SET @OLD_AUTOCOMMIT=@@AUTOCOMMIT, @@AUTOCOMMIT=0;
LOCK TABLES `klan` WRITE;
/*!40000 ALTER TABLE `klan` DISABLE KEYS */;
INSERT INTO `klan` VALUES
(1,'Iron Empire','Brasil',300,'Ad eius dolore qui perspiciatis.','Hanya Undangan'),
(2,'Iron Clash','Argentina',1000,'Assumenda in adipisci dolor magnam ad dicta officiis molestias dolore.','Hanya Undangan'),
(3,'Thunder Army','Tiongkok',3000,'Eius sit quis cum in eius dolor quis aut fugit.','Hanya Undangan'),
(4,'Storm Eagles','Meksiko',2000,'Sed nobis rem quas modi voluptate fugiat mollitia.','Terbuka'),
(5,'Shadow Force','Prancis',300,'Nulla similique neque provident aliquid dolorem enim aspernatur doloremque aut eius.','Terbuka'),
(6,'Crystal Order','Rusia',1000,'Cum explicabo pariatur praesentium placeat architecto odio modi.','Terbuka'),
(7,'Dragon Raiders','Prancis',300,'Cum fugit voluptatibus odit nam placeat sapiente.','Hanya Undangan'),
(8,'Iron Empire 8','Arab Saudi',2000,'Dolorem adipisci et eaque distinctio.','Terbuka'),
(9,'Silver Clash','Turki',3000,'Soluta et omnis id totam itaque eaque doloribus natus ea.','Terbuka'),
(10,'Dark Eagles','India',2600,'Incidunt nesciunt facere voluptatum consequuntur laudantium quidem similique corrupti cum.','Terbuka'),
(11,'Swift Guild','Nigeria',3000,'Nisi harum nisi iusto dolorum mollitia velit perspiciatis beatae.','Terbuka'),
(12,'Phoenix Brotherhood','Argentina',300,'Quibusdam quisquam excepturi eos culpa a quam quaerat voluptas quis.','Terbuka'),
(13,'Ancient Army','Mesir',2600,'Totam sit error odit non corrupti quis molestiae quod.','Terbuka'),
(14,'Mystic Brotherhood','Selandia Baru',3000,'Ullam nobis laborum beatae facilis voluptates rem dolores dolores necessitatibus.','Terbuka'),
(15,'Phoenix Brotherhood 15','Kolombia',1400,'Assumenda laborum architecto quis quisquam.','Terbuka'),
(16,'Swift Squad','Filipina',1000,'Optio veniam cumque minus non vitae.','Hanya Undangan'),
(17,'Mystic Army','Nigeria',3000,'Quidem porro quae id perferendis fuga tempore iste dolorum aperiam.','Terbuka'),
(18,'Royal Knights','Inggris',1000,'Nihil dolorem dolore architecto.','Terbuka'),
(19,'Dragon Alliance','Italia',3000,'Animi architecto adipisci ex maiores eius laborum molestiae quam sunt nemo.','Terbuka'),
(20,'Dark Wolves','Belanda',2000,'Quos rem deleniti atque inventore incidunt iure.','Hanya Undangan'),
(21,'Phoenix Alliance','Meksiko',1000,'Perferendis voluptates atque illo excepturi.','Terbuka'),
(22,'Storm Brotherhood','Korea Selatan',3400,'Dolorum deleniti ipsum in eius.','Tertutup'),
(23,'Fire Squad','Kanada',3000,'Soluta asperiores repellat sequi atque officiis molestiae.','Terbuka'),
(24,'Swift Alliance','Jepang',1000,'Voluptas unde sed cumque.','Terbuka'),
(25,'Dark Force','Prancis',0,'Laboriosam sint temporibus cum a hic unde quos eligendi.','Hanya Undangan'),
(26,'Thunder Guild','Singapura',0,'Optio laborum deleniti dolor animi quasi aperiam et amet labore.','Terbuka'),
(27,'Thunder Tigers','Jepang',0,'Culpa vero aspernatur delectus nisi perferendis doloremque blanditiis tempora doloribus.','Terbuka'),
(28,'Mystic Tigers','Uni Emirat Arab',2000,'Aliquam aspernatur omnis natus et ea pariatur et eaque consectetur.','Terbuka'),
(29,'Iron Guild','Nigeria',300,'Itaque ut vel ab numquam natus aut.','Hanya Undangan'),
(30,'Blazing Tigers','Vietnam',0,'Distinctio eaque ut sunt sunt fuga culpa rerum provident nostrum.','Terbuka');
/*!40000 ALTER TABLE `klan` ENABLE KEYS */;
UNLOCK TABLES;
COMMIT;
SET AUTOCOMMIT=@OLD_AUTOCOMMIT;

--
-- Table structure for table `koleksi_kartu`
--

DROP TABLE IF EXISTS `koleksi_kartu`;
/*!40101 SET @saved_cs_client     = @@character_set_client */;
/*!40101 SET character_set_client = utf8mb4 */;
CREATE TABLE `koleksi_kartu` (
  `akun_id` int(11) NOT NULL,
  `kartu_id` int(11) NOT NULL,
  `level_kartu` int(11) DEFAULT 1,
  `jumlah_kartu` int(11) DEFAULT 0,
  PRIMARY KEY (`akun_id`,`kartu_id`),
  KEY `kartu_id` (`kartu_id`),
  CONSTRAINT `1` FOREIGN KEY (`akun_id`) REFERENCES `akun` (`akun_id`) ON DELETE CASCADE,
  CONSTRAINT `2` FOREIGN KEY (`kartu_id`) REFERENCES `kartu` (`kartu_id`) ON DELETE CASCADE
) ENGINE=InnoDB DEFAULT CHARSET=utf8mb4 COLLATE=utf8mb4_unicode_ci;
/*!40101 SET character_set_client = @saved_cs_client */;

--
-- Dumping data for table `koleksi_kartu`
--

SET @OLD_AUTOCOMMIT=@@AUTOCOMMIT, @@AUTOCOMMIT=0;
LOCK TABLES `koleksi_kartu` WRITE;
/*!40000 ALTER TABLE `koleksi_kartu` DISABLE KEYS */;
INSERT INTO `koleksi_kartu` VALUES
(1,6,6,467),
(1,11,4,457),
(1,14,6,401),
(1,23,7,88),
(1,33,8,513),
(1,51,8,464),
(1,54,2,303),
(1,68,8,100),
(1,73,6,69),
(1,101,2,265),
(1,109,4,534),
(1,114,4,523),
(1,118,6,320),
(1,123,9,572),
(1,125,2,146),
(1,127,3,354),
(1,130,1,495),
(1,132,8,357),
(1,138,2,11),
(2,3,7,406),
(2,6,4,415),
(2,14,7,5),
(2,15,3,191),
(2,22,5,502),
(2,23,5,65),
(2,24,6,202),
(2,33,2,550),
(2,51,6,398),
(2,52,1,203),
(2,74,6,361),
(2,83,8,177),
(2,101,3,375),
(2,109,8,117),
(2,110,7,117),
(2,132,8,440),
(2,144,4,211),
(3,11,7,191),
(3,15,6,10),
(3,16,5,144),
(3,18,3,569),
(3,19,8,419),
(3,24,8,140),
(3,31,3,323),
(3,42,8,55),
(3,44,3,502),
(3,54,4,394),
(3,57,8,501),
(3,64,3,85),
(3,83,8,426),
(3,103,10,393),
(3,109,10,142),
(3,119,8,551),
(3,123,9,518),
(4,5,1,587),
(4,23,5,43),
(4,30,5,508),
(4,39,1,275),
(4,40,7,376),
(4,41,5,524),
(4,81,7,452),
(4,106,7,557),
(5,5,5,552),
(5,12,2,139),
(5,14,3,143),
(5,16,5,130),
(5,28,3,330),
(5,32,3,256),
(5,33,1,584),
(5,35,5,297),
(5,44,6,546),
(5,53,5,527),
(5,72,6,439),
(5,74,7,61),
(5,75,3,332),
(5,126,4,212),
(6,3,4,217),
(6,14,3,596),
(6,25,4,352),
(6,34,1,48),
(6,35,1,96),
(6,53,4,275),
(6,76,1,471),
(6,83,1,548),
(6,84,3,378),
(6,103,4,367),
(6,110,4,224),
(6,115,2,580),
(6,118,4,500),
(6,119,3,561),
(6,147,3,291),
(7,1,2,54),
(7,9,3,163),
(7,10,1,98),
(7,13,3,96),
(7,15,2,440),
(7,53,4,313),
(7,59,3,257),
(7,70,1,381),
(8,1,1,321),
(8,6,3,136),
(8,13,2,73),
(8,28,3,352),
(8,29,1,393),
(8,110,1,105),
(8,115,1,433),
(8,118,2,307),
(9,1,3,87),
(9,6,4,360),
(9,10,2,422),
(9,11,2,127),
(9,13,3,28),
(9,48,3,219),
(9,59,3,211),
(9,84,4,323),
(9,103,2,254),
(9,114,2,567),
(9,118,4,223),
(9,126,1,103),
(10,2,1,251),
(10,7,5,514),
(10,10,2,318),
(10,15,2,318),
(10,17,1,317),
(10,26,2,15),
(10,32,7,434),
(10,41,1,62),
(10,47,2,465),
(10,59,2,445),
(10,64,3,285),
(10,66,5,221),
(10,70,1,141),
(10,86,7,85),
(10,89,2,18),
(10,96,7,245),
(10,103,8,356),
(10,113,1,168),
(10,114,6,401),
(10,115,3,483),
(10,125,7,519),
(10,126,3,123),
(10,127,4,160),
(10,130,2,524),
(11,2,2,184),
(11,5,3,80),
(11,8,1,484),
(11,9,2,377),
(11,22,5,382),
(11,23,2,522),
(11,27,3,57),
(11,33,2,330),
(11,45,4,524),
(11,52,6,54),
(11,72,2,229),
(11,83,1,515),
(11,84,1,46),
(11,86,4,581),
(11,96,1,588),
(11,103,6,430),
(11,115,6,119),
(11,118,1,251),
(11,125,2,427),
(11,127,3,393),
(11,134,2,262),
(11,144,1,567),
(11,146,6,328),
(11,147,1,509),
(12,2,3,287),
(12,6,4,155),
(12,9,1,239),
(12,12,4,543),
(12,27,4,533),
(12,33,7,77),
(12,40,1,344),
(12,41,7,382),
(12,42,10,98),
(12,44,1,386),
(12,47,5,107),
(12,59,2,45),
(12,66,1,420),
(12,75,8,62),
(12,76,9,355),
(12,84,5,268),
(12,98,6,326),
(12,101,4,430),
(12,105,8,87),
(12,110,3,243),
(12,115,9,137),
(12,123,6,403),
(12,125,1,446),
(12,138,10,582),
(13,10,7,312),
(13,14,6,255),
(13,16,2,97),
(13,19,2,336),
(13,21,3,406),
(13,23,6,307),
(13,27,7,42),
(13,28,1,13),
(13,31,1,162),
(13,35,3,87),
(13,37,7,123),
(13,45,2,203),
(13,47,7,464),
(13,59,7,144),
(13,72,5,564),
(13,77,3,179),
(13,83,1,415),
(13,105,4,105),
(13,114,2,94),
(13,119,7,411),
(13,125,1,228),
(13,132,5,51),
(14,3,2,588),
(14,6,1,252),
(14,8,3,393),
(14,9,4,405),
(14,10,4,52),
(14,27,1,90),
(14,31,4,31),
(14,34,2,192),
(14,74,2,363),
(14,103,3,287),
(14,110,4,422),
(14,114,6,303),
(14,119,4,437),
(14,126,5,491),
(14,144,4,153),
(14,146,2,430),
(15,1,1,31),
(15,4,2,599),
(15,21,2,185),
(15,28,2,543),
(15,29,1,164),
(15,114,2,398),
(15,118,2,60),
(15,130,2,353),
(15,144,1,327),
(16,8,5,578),
(16,26,2,503),
(16,32,2,577),
(16,34,6,368),
(16,35,5,326),
(16,41,5,29),
(16,72,5,317),
(16,81,2,505),
(16,125,1,93),
(16,130,6,361),
(16,146,1,239),
(17,1,7,104),
(17,3,3,114),
(17,8,3,182),
(17,17,8,325),
(17,20,1,587),
(17,24,3,388),
(17,27,3,448),
(17,48,5,302),
(17,51,6,310),
(17,52,3,576),
(17,83,2,383),
(17,96,9,374),
(17,113,7,582),
(17,118,6,140),
(17,146,6,229),
(18,14,2,359),
(18,25,3,340),
(18,30,6,458),
(18,45,6,328),
(18,84,5,111),
(18,105,4,256),
(18,113,2,244),
(18,114,3,91),
(18,119,1,272),
(19,2,2,360),
(19,10,1,302),
(19,34,2,104),
(19,48,2,76),
(19,53,2,592),
(19,72,2,108),
(19,115,1,327),
(19,118,1,167),
(20,1,2,158),
(20,3,1,420),
(20,10,2,161),
(20,29,2,169),
(20,34,1,104),
(20,72,2,586),
(20,83,2,289),
(20,115,2,244),
(20,144,2,211),
(20,147,1,51),
(21,1,1,212),
(21,12,1,485),
(21,41,7,119),
(21,61,2,100),
(21,74,2,299),
(21,86,1,558),
(21,125,6,272),
(21,132,4,501),
(21,146,3,408),
(22,6,7,549),
(22,8,2,460),
(22,11,4,152),
(22,13,11,446),
(22,20,3,172),
(22,24,9,424),
(22,29,2,405),
(22,34,11,487),
(22,35,10,530),
(22,47,10,265),
(22,52,10,233),
(22,53,9,63),
(22,66,10,242),
(22,68,7,536),
(22,70,8,307),
(22,88,10,151),
(22,112,7,81),
(22,118,3,44),
(22,127,4,198),
(22,147,1,515),
(23,1,1,177),
(23,4,1,346),
(23,6,1,152),
(23,7,3,597),
(23,28,2,382),
(23,34,1,487),
(23,35,2,421),
(23,40,2,244),
(23,48,1,406),
(23,53,2,549),
(23,72,1,412),
(23,83,1,109),
(23,84,3,104),
(23,103,2,319),
(23,105,3,485),
(23,114,2,393),
(23,118,3,498),
(23,130,2,413),
(24,3,3,204),
(24,9,3,383),
(24,13,1,68),
(24,28,1,256),
(24,29,1,528),
(24,48,2,519),
(24,53,3,583),
(24,76,1,206),
(24,83,2,127),
(24,110,2,139),
(24,118,2,497),
(24,126,1,468),
(24,130,1,178),
(24,144,2,518),
(24,146,2,378),
(24,147,1,370),
(25,23,2,227),
(25,30,2,265),
(25,72,3,420),
(25,76,1,292),
(25,110,1,167),
(25,115,2,212),
(25,118,1,396),
(25,126,1,10),
(26,1,6,488),
(26,2,6,333),
(26,14,6,548),
(26,17,5,290),
(26,24,4,66),
(26,29,4,415),
(26,30,7,284),
(26,34,3,306),
(26,39,1,414),
(26,44,5,586),
(26,45,5,247),
(26,53,6,27),
(26,64,6,368),
(26,66,6,144),
(26,69,3,228),
(26,74,6,328),
(26,81,6,510),
(26,83,4,37),
(26,103,7,195),
(26,125,3,284),
(26,126,2,154),
(26,130,3,266),
(26,138,3,111),
(27,12,6,60),
(27,13,8,200),
(27,17,11,391),
(27,22,7,340),
(27,24,11,598),
(27,29,1,463),
(27,34,7,56),
(27,39,10,73),
(27,40,6,229),
(27,44,8,341),
(27,69,9,123),
(27,80,8,55),
(27,98,11,182),
(27,100,10,302),
(27,105,13,83),
(27,111,3,141),
(27,113,9,306),
(27,116,8,147),
(27,124,4,351),
(27,129,6,267),
(27,130,12,315),
(27,135,8,121),
(27,140,6,185),
(27,142,7,584),
(28,1,3,351),
(28,5,8,368),
(28,12,4,353),
(28,17,5,133),
(28,22,4,19),
(28,23,6,15),
(28,28,9,205),
(28,62,6,445),
(28,66,5,467),
(28,70,1,306),
(28,72,9,314),
(28,81,9,537),
(28,83,1,255),
(28,106,6,544),
(28,114,2,393),
(28,119,3,67),
(29,1,2,127),
(29,2,3,50),
(29,4,2,431),
(29,7,1,10),
(29,13,3,21),
(29,21,3,39),
(29,23,3,104),
(29,28,1,119),
(29,29,3,50),
(29,34,2,157),
(29,40,3,259),
(29,76,2,455),
(29,84,2,262),
(29,130,3,111),
(30,6,3,367),
(30,14,6,506),
(30,15,3,237),
(30,16,7,524),
(30,19,6,92),
(30,22,6,175),
(30,27,1,103),
(30,35,7,41),
(30,37,2,493),
(30,40,1,104),
(30,41,1,142),
(30,59,4,119),
(30,72,1,47),
(30,73,1,588),
(30,81,6,96),
(30,94,3,476),
(30,101,2,93),
(30,103,7,298),
(30,114,3,321),
(30,115,7,179),
(30,118,4,275),
(30,126,1,14),
(30,130,3,241),
(30,132,4,304),
(31,2,2,355),
(31,4,3,98),
(31,6,2,255),
(31,7,3,536),
(31,10,3,449),
(31,23,2,495),
(31,25,2,48),
(31,28,3,579),
(31,30,1,538),
(31,35,2,500),
(31,53,1,347),
(31,59,1,107),
(31,72,1,268),
(31,84,1,389),
(31,103,1,422),
(31,105,3,322),
(31,114,3,134),
(31,126,3,591),
(31,130,2,30),
(32,1,4,458),
(32,4,4,91),
(32,5,5,312),
(32,10,5,229),
(32,11,4,19),
(32,21,3,373),
(32,23,4,340),
(32,26,2,468),
(32,27,1,229),
(32,45,4,37),
(32,48,5,563),
(32,51,1,414),
(32,59,1,471),
(32,76,4,587),
(32,83,3,122),
(32,110,5,576),
(32,118,1,94),
(32,119,4,241),
(32,126,5,388),
(32,127,5,485),
(33,1,4,48),
(33,3,2,132),
(33,7,2,124),
(33,8,3,201),
(33,11,1,397),
(33,15,3,111),
(33,24,2,511),
(33,27,5,127),
(33,28,4,469),
(33,29,4,600),
(33,35,4,110),
(33,52,1,567),
(33,59,1,544),
(33,81,5,517),
(33,84,4,196),
(33,96,4,521),
(33,101,4,144),
(33,110,4,221),
(33,132,2,593),
(34,1,2,547),
(34,2,1,516),
(34,4,2,119),
(34,21,2,597),
(34,23,1,298),
(34,28,1,423),
(34,29,2,567),
(34,53,2,576),
(34,114,2,561),
(34,118,2,137),
(34,130,2,136),
(34,144,1,206),
(35,1,2,257),
(35,2,2,209),
(35,21,2,105),
(35,23,2,49),
(35,29,2,165),
(35,53,2,244),
(35,114,1,64),
(35,118,1,575),
(35,130,1,368),
(35,144,2,397),
(36,2,5,570),
(36,7,1,439),
(36,26,7,95),
(36,27,3,599),
(36,30,3,41),
(36,34,5,134),
(36,41,6,227),
(36,47,3,178),
(36,61,6,75),
(36,74,6,478),
(36,75,4,340),
(36,103,4,189),
(36,105,2,387),
(36,113,6,539),
(36,115,2,518),
(36,119,5,6),
(36,123,3,331),
(36,125,8,587),
(36,134,3,77),
(36,144,1,309),
(36,147,3,426),
(37,2,4,329),
(37,6,3,25),
(37,15,9,85),
(37,29,5,554),
(37,32,4,219),
(37,33,7,74),
(37,41,2,396),
(37,53,9,547),
(37,59,6,391),
(37,75,1,68),
(37,81,9,521),
(37,96,9,384),
(37,106,8,499),
(37,118,4,551),
(37,119,5,26),
(37,125,7,107),
(37,126,1,304),
(37,130,2,172),
(38,1,5,561),
(38,3,2,127),
(38,5,7,600),
(38,7,1,297),
(38,10,3,515),
(38,12,1,75),
(38,16,5,404),
(38,24,7,309),
(38,31,4,161),
(38,34,5,89),
(38,35,5,226),
(38,47,7,569),
(38,51,6,65),
(38,68,7,559),
(38,70,3,383),
(38,72,2,401),
(38,75,1,567),
(38,77,3,148),
(38,110,3,449),
(38,113,7,32),
(38,115,1,6),
(38,138,4,405),
(39,22,6,69),
(39,24,3,101),
(39,27,2,595),
(39,30,2,118),
(39,31,1,563),
(39,32,4,339),
(39,52,5,259),
(39,70,2,581),
(39,86,4,563),
(39,125,1,298),
(40,6,2,369),
(40,9,2,253),
(40,13,2,439),
(40,14,3,202),
(40,21,3,112),
(40,23,2,218),
(40,25,1,340),
(40,29,2,499),
(40,30,1,5),
(40,40,1,447),
(40,48,1,84),
(40,53,2,474),
(40,59,2,144),
(40,72,2,79),
(40,76,3,32),
(40,103,3,593),
(40,126,1,520),
(40,130,3,78),
(40,146,2,368),
(41,15,1,245),
(41,25,5,523),
(41,31,3,515),
(41,45,6,298),
(41,53,4,164),
(41,84,1,407),
(41,96,5,144),
(41,119,5,170),
(41,127,2,476),
(42,3,5,258),
(42,5,5,558),
(42,6,4,48),
(42,15,1,332),
(42,22,5,179),
(42,24,6,212),
(42,29,4,388),
(42,40,6,281),
(42,83,4,481),
(42,94,1,534),
(42,126,3,80),
(42,130,5,370),
(42,132,6,270),
(43,1,2,491),
(43,4,1,166),
(43,21,2,170),
(43,23,1,494),
(43,28,1,192),
(43,29,2,217),
(43,53,2,23),
(43,114,1,79),
(43,118,2,339),
(43,130,1,371),
(43,144,1,236),
(44,3,5,416),
(44,4,3,465),
(44,9,5,578),
(44,10,3,172),
(44,11,4,483),
(44,12,4,136),
(44,22,2,388),
(44,51,5,147),
(44,70,1,291),
(44,72,1,222),
(44,81,2,421),
(44,130,5,71),
(44,144,5,524),
(44,146,4,175),
(44,147,5,187),
(45,2,3,40),
(45,7,2,45),
(45,9,3,431),
(45,14,1,442),
(45,25,3,516),
(45,30,3,543),
(45,48,2,391),
(45,103,3,553),
(45,110,2,235),
(45,119,2,134),
(45,126,1,96),
(46,1,3,496),
(46,3,3,375),
(46,9,1,385),
(46,10,2,268),
(46,13,3,324),
(46,14,3,283),
(46,28,3,571),
(46,34,2,371),
(46,35,1,424),
(46,48,3,407),
(46,53,2,315),
(46,83,2,600),
(46,105,3,211),
(46,115,1,159),
(46,126,2,184),
(46,130,3,434),
(46,144,2,573),
(46,146,1,533),
(46,147,3,536),
(47,2,3,37),
(47,7,2,245),
(47,9,3,39),
(47,10,2,446),
(47,13,1,149),
(47,21,2,82),
(47,25,2,59),
(47,29,1,66),
(47,34,2,534),
(47,35,2,200),
(47,48,1,523),
(47,59,3,174),
(47,72,3,238),
(47,84,2,6),
(47,105,1,531),
(47,110,2,228),
(47,118,3,394),
(47,119,2,11),
(47,147,1,507),
(48,3,3,16),
(48,10,3,206),
(48,23,3,71),
(48,30,2,573),
(48,34,1,563),
(48,110,1,200),
(48,114,3,357),
(48,118,2,284),
(49,1,3,29),
(49,3,2,529),
(49,4,1,409),
(49,9,3,236),
(49,10,1,248),
(49,13,1,568),
(49,14,3,270),
(49,21,1,295),
(49,23,2,70),
(49,25,3,195),
(49,29,2,188),
(49,30,2,205),
(49,34,2,120),
(49,35,2,423),
(49,40,2,363),
(49,76,1,588),
(49,84,2,470),
(49,103,2,226),
(49,110,3,351),
(49,115,1,488),
(49,130,3,10),
(49,146,3,472),
(50,1,2,408),
(50,2,1,524),
(50,4,2,490),
(50,21,2,7),
(50,23,1,56),
(50,28,2,503),
(50,53,1,591),
(50,118,2,589),
(50,130,2,323),
(50,144,1,494),
(51,2,3,189),
(51,16,3,243),
(51,24,3,266),
(51,47,5,352),
(51,53,4,595),
(51,69,1,334),
(51,81,2,562),
(51,96,1,216),
(51,103,3,483),
(52,2,3,333),
(52,13,3,370),
(52,17,7,261),
(52,20,5,590),
(52,21,6,552),
(52,25,1,168),
(52,27,3,204),
(52,28,4,138),
(52,31,4,343),
(52,32,5,264),
(52,37,3,574),
(52,39,5,582),
(52,61,7,499),
(52,64,5,324),
(52,66,4,125),
(52,70,3,257),
(52,73,7,530),
(52,74,2,432),
(52,75,3,21),
(52,77,1,408),
(52,84,2,292),
(52,115,1,221),
(52,125,4,99),
(53,2,1,107),
(53,3,2,534),
(53,9,3,258),
(53,10,3,82),
(53,14,2,106),
(53,21,2,235),
(53,23,1,291),
(53,28,1,129),
(53,29,1,171),
(53,30,2,160),
(53,34,2,424),
(53,48,2,130),
(53,53,2,456),
(53,72,3,299),
(53,83,1,540),
(53,84,2,537),
(53,105,1,189),
(53,110,2,562),
(53,114,1,27),
(53,115,1,400),
(53,118,3,405),
(53,130,3,274),
(53,144,3,241),
(53,147,1,66),
(54,2,2,468),
(54,3,4,537),
(54,10,3,481),
(54,28,3,11),
(54,31,2,92),
(54,35,4,553),
(54,59,2,353),
(54,70,3,423),
(54,72,4,316),
(54,86,3,160),
(54,96,1,536),
(54,118,1,504),
(54,119,3,356),
(55,1,3,279),
(55,3,2,431),
(55,7,1,289),
(55,9,3,467),
(55,10,1,191),
(55,13,2,223),
(55,25,1,548),
(55,28,3,464),
(55,29,1,71),
(55,35,1,329),
(55,40,2,423),
(55,48,3,246),
(55,53,3,449),
(55,59,1,93),
(55,72,2,129),
(55,76,2,114),
(55,83,1,16),
(55,84,3,9),
(55,103,2,511),
(55,105,2,545),
(55,110,2,504),
(55,114,1,156),
(55,146,1,140),
(56,1,1,406),
(56,2,1,472),
(56,3,1,485),
(56,4,1,242),
(56,9,2,320),
(56,10,1,224),
(56,14,2,599),
(56,23,1,563),
(56,29,1,534),
(56,34,1,260),
(56,48,2,333),
(56,53,2,454),
(56,72,1,370),
(56,110,1,10),
(56,114,1,172),
(56,115,1,35),
(56,130,2,163),
(56,144,2,306),
(56,147,1,596),
(57,1,1,257),
(57,2,2,572),
(57,4,1,129),
(57,21,2,367),
(57,28,2,239),
(57,29,1,22),
(57,53,2,450),
(57,114,2,573),
(57,118,2,158),
(57,130,1,497),
(57,144,1,62),
(58,2,2,420),
(58,3,1,99),
(58,9,1,133),
(58,10,3,245),
(58,14,2,190),
(58,21,3,69),
(58,23,3,158),
(58,29,2,195),
(58,30,3,552),
(58,53,3,510),
(58,72,1,519),
(58,76,3,330),
(58,83,2,555),
(58,84,1,373),
(58,114,3,290),
(58,115,2,465),
(58,147,2,65),
(59,3,1,376),
(59,8,1,214),
(59,15,2,73),
(59,26,1,237),
(59,48,5,42),
(59,76,4,82),
(59,84,1,222),
(59,103,1,273),
(59,105,5,100),
(59,132,1,312),
(59,144,3,572),
(59,146,4,63),
(59,147,4,378),
(60,14,4,385),
(60,23,4,323),
(60,24,6,423),
(60,26,3,564),
(60,33,9,454),
(60,53,8,407),
(60,69,10,559),
(60,70,5,228),
(60,75,5,17),
(60,94,7,517),
(60,103,7,332),
(60,105,6,323),
(60,106,6,464),
(60,118,9,333),
(60,119,9,261),
(60,125,6,162),
(60,126,5,7),
(60,127,1,36),
(60,134,9,139),
(60,147,10,247),
(61,3,3,410),
(61,9,2,95),
(61,14,1,263),
(61,23,3,80),
(61,35,1,142),
(61,114,3,223),
(61,119,3,256),
(61,144,2,376),
(62,5,11,403),
(62,13,10,154),
(62,23,13,343),
(62,40,3,52),
(62,70,2,58),
(62,71,6,445),
(62,83,1,313),
(62,88,6,515),
(62,96,12,227),
(62,106,12,12),
(62,108,11,392),
(62,112,8,590),
(62,122,10,391),
(62,124,9,93),
(62,125,9,43),
(62,126,7,124),
(62,138,13,233),
(62,139,6,553),
(63,2,4,434),
(63,3,3,174),
(63,7,2,249),
(63,13,4,586),
(63,14,2,500),
(63,25,2,329),
(63,30,1,273),
(63,35,3,357),
(63,40,4,134),
(63,59,2,575),
(63,76,1,116),
(63,84,2,493),
(63,105,4,514),
(63,126,3,25),
(63,146,4,332),
(64,2,6,111),
(64,6,9,536),
(64,7,1,477),
(64,11,1,291),
(64,15,4,278),
(64,20,4,209),
(64,21,5,175),
(64,27,8,145),
(64,31,5,562),
(64,33,1,69),
(64,40,7,278),
(64,45,7,521),
(64,52,1,300),
(64,61,9,45),
(64,74,1,340),
(64,118,8,483),
(64,119,4,551),
(64,134,1,386),
(64,135,7,237),
(65,1,2,31),
(65,7,2,161),
(65,23,1,356),
(65,25,3,361),
(65,35,1,514),
(65,53,1,254),
(65,72,3,264),
(65,114,2,310),
(65,118,3,313),
(65,130,2,502),
(65,146,2,64),
(66,7,5,139),
(66,10,2,317),
(66,11,4,556),
(66,23,5,338),
(66,25,3,150),
(66,30,3,454),
(66,34,2,212),
(66,48,4,149),
(66,51,2,595),
(66,52,1,189),
(66,53,4,422),
(66,84,5,162),
(66,114,3,70),
(66,119,5,208),
(66,146,1,327),
(66,147,5,546),
(67,4,3,198),
(67,11,7,415),
(67,14,6,189),
(67,17,7,504),
(67,21,8,138),
(67,25,8,141),
(67,26,9,481),
(67,31,4,68),
(67,37,7,16),
(67,54,8,253),
(67,109,4,208),
(67,114,3,450),
(67,115,5,423),
(67,118,4,34),
(67,134,8,333),
(67,135,1,390),
(68,1,2,451),
(68,21,1,433),
(68,23,2,312),
(68,28,1,475),
(68,29,1,532),
(68,53,2,473),
(68,114,1,195),
(68,118,2,41),
(68,130,2,529),
(68,144,2,56),
(69,4,5,317),
(69,12,2,117),
(69,15,2,537),
(69,16,8,420),
(69,19,1,175),
(69,22,4,488),
(69,24,8,296),
(69,25,7,524),
(69,27,1,260),
(69,34,9,6),
(69,48,3,184),
(69,66,6,580),
(69,69,3,167),
(69,75,1,430),
(69,76,3,121),
(69,88,8,372),
(69,103,9,390),
(69,112,3,388),
(69,113,3,208),
(69,119,1,470),
(69,126,8,244),
(69,147,8,511),
(70,1,7,576),
(70,5,1,282),
(70,7,4,70),
(70,8,1,300),
(70,11,4,183),
(70,12,1,586),
(70,14,1,496),
(70,20,7,564),
(70,25,7,438),
(70,28,3,378),
(70,33,2,467),
(70,39,3,37),
(70,44,2,215),
(70,51,5,60),
(70,53,4,138),
(70,110,6,593),
(70,112,1,307),
(70,118,3,540),
(70,125,2,292),
(70,127,4,538),
(70,144,6,542),
(70,146,5,587),
(71,3,2,7),
(71,4,2,406),
(71,9,3,218),
(71,21,2,308),
(71,23,2,121),
(71,28,1,342),
(71,29,1,25),
(71,30,2,359),
(71,34,3,564),
(71,48,3,298),
(71,72,1,207),
(71,76,3,213),
(71,83,2,70),
(71,84,3,425),
(71,105,1,2),
(71,115,3,289),
(71,144,2,47),
(72,5,7,534),
(72,24,2,494),
(72,26,2,472),
(72,51,7,550),
(72,52,3,474),
(72,84,6,58),
(72,86,7,424),
(72,138,3,579),
(73,1,1,384),
(73,2,2,323),
(73,6,1,381),
(73,7,1,195),
(73,13,1,538),
(73,21,1,207),
(73,25,1,455),
(73,28,3,33),
(73,35,2,513),
(73,40,2,496),
(73,48,3,537),
(73,53,3,26),
(73,59,2,424),
(73,72,1,509),
(73,103,2,180),
(73,118,2,310),
(73,130,3,120),
(73,144,2,192),
(74,3,2,162),
(74,7,1,592),
(74,8,2,556),
(74,9,3,546),
(74,10,3,479),
(74,14,3,452),
(74,26,1,90),
(74,30,1,574),
(74,40,3,118),
(74,52,3,206),
(74,86,2,294),
(74,103,1,280),
(74,114,1,319),
(74,119,3,215),
(74,126,5,105),
(74,130,5,320),
(74,147,1,106),
(75,4,7,265),
(75,7,4,238),
(75,10,6,547),
(75,17,2,148),
(75,20,4,184),
(75,23,7,203),
(75,33,3,341),
(75,37,1,437),
(75,40,6,457),
(75,45,1,477),
(75,47,4,56),
(75,52,1,480),
(75,76,3,477),
(75,84,3,402),
(75,106,1,467),
(75,109,1,109),
(75,113,5,365),
(75,125,5,135),
(75,144,2,339),
(76,4,11,73),
(76,9,13,310),
(76,14,10,475),
(76,15,7,424),
(76,17,12,588),
(76,22,4,442),
(76,38,13,446),
(76,47,4,250),
(76,64,7,110),
(76,66,8,394),
(76,68,9,473),
(76,69,9,163),
(76,70,6,570),
(76,73,8,118),
(76,81,3,80),
(76,88,9,242),
(76,116,10,351),
(76,129,2,349),
(77,1,2,400),
(77,2,2,63),
(77,4,1,595),
(77,21,1,464),
(77,23,1,151),
(77,28,1,325),
(77,53,1,223),
(77,114,2,336),
(77,118,2,201),
(77,144,2,584),
(78,1,4,158),
(78,2,6,326),
(78,7,4,369),
(78,8,4,143),
(78,12,6,404),
(78,20,4,559),
(78,26,2,499),
(78,44,2,12),
(78,48,2,178),
(78,70,2,443),
(78,72,3,129),
(78,76,2,569),
(78,84,4,391),
(78,86,1,17),
(78,101,3,32),
(78,125,6,392),
(78,132,6,448),
(79,7,2,364),
(79,13,1,191),
(79,23,3,514),
(79,28,2,35),
(79,29,1,595),
(79,34,3,591),
(79,35,1,582),
(79,103,2,8),
(79,105,3,243),
(79,114,3,511),
(79,130,2,421),
(79,144,2,378),
(80,2,8,186),
(80,7,3,458),
(80,10,5,136),
(80,11,6,432),
(80,12,8,85),
(80,20,6,302),
(80,33,3,518),
(80,39,1,312),
(80,45,2,179),
(80,52,6,180),
(80,76,6,87),
(80,77,5,63),
(80,81,2,285),
(80,94,8,593),
(80,96,5,172),
(80,101,5,242),
(80,103,5,282),
(80,112,5,15),
(80,118,1,294),
(80,121,9,34),
(80,132,1,299),
(80,135,9,481),
(80,146,3,587),
(81,9,3,400),
(81,14,1,271),
(81,21,1,389),
(81,23,2,460),
(81,30,2,488),
(81,40,2,269),
(81,76,1,544),
(81,83,2,488),
(81,103,1,476),
(81,110,3,546),
(81,118,1,54),
(81,144,2,13),
(82,2,2,561),
(82,4,1,9),
(82,9,2,198),
(82,14,1,134),
(82,21,2,580),
(82,23,3,457),
(82,28,3,123),
(82,29,3,200),
(82,30,2,101),
(82,34,1,25),
(82,48,3,107),
(82,53,1,223),
(82,76,3,346),
(82,83,1,13),
(82,110,3,291),
(82,114,3,248),
(82,115,3,95),
(82,130,3,125),
(82,144,2,225),
(82,147,3,185),
(83,1,2,183),
(83,2,2,332),
(83,4,2,166),
(83,21,2,72),
(83,23,1,284),
(83,28,1,265),
(83,53,2,341),
(83,118,1,392),
(83,130,2,206),
(84,3,5,208),
(84,5,6,311),
(84,10,7,57),
(84,14,7,589),
(84,20,1,528),
(84,21,1,394),
(84,24,1,39),
(84,29,2,554),
(84,34,9,349),
(84,35,9,368),
(84,73,7,414),
(84,74,7,494),
(84,75,2,471),
(84,84,3,338),
(84,86,3,568),
(84,103,8,490),
(84,110,2,375),
(84,118,4,4),
(84,125,7,273),
(84,146,2,581),
(85,4,8,20),
(85,5,1,145),
(85,11,2,217),
(85,14,8,547),
(85,19,4,74),
(85,26,9,153),
(85,44,4,501),
(85,54,1,346),
(85,64,9,316),
(85,74,9,470),
(85,84,1,416),
(85,121,8,17),
(85,135,1,348),
(85,138,7,65),
(86,1,1,124),
(86,3,3,412),
(86,4,3,567),
(86,6,2,17),
(86,8,2,596),
(86,9,1,8),
(86,10,2,344),
(86,13,1,386),
(86,14,3,145),
(86,25,3,124),
(86,30,2,450),
(86,51,4,130),
(86,70,1,137),
(86,72,2,147),
(86,76,2,92),
(86,83,3,536),
(86,105,4,83),
(86,110,3,427),
(86,114,2,437),
(86,115,4,173),
(86,118,2,47),
(86,130,2,330),
(86,146,4,422),
(87,1,5,343),
(87,5,9,520),
(87,12,8,510),
(87,24,4,197),
(87,25,4,284),
(87,44,1,56),
(87,53,6,292),
(87,70,4,446),
(87,86,2,153),
(87,106,8,45),
(87,114,4,476),
(87,118,2,543),
(87,121,3,164),
(87,135,2,371),
(87,146,1,199),
(88,4,6,234),
(88,7,8,594),
(88,10,2,483),
(88,15,7,226),
(88,22,4,113),
(88,24,4,334),
(88,32,8,56),
(88,84,2,243),
(88,89,7,205),
(88,101,6,430),
(88,147,7,149),
(89,5,4,222),
(89,17,7,535),
(89,19,2,352),
(89,24,2,114),
(89,26,2,303),
(89,27,7,236),
(89,37,5,567),
(89,51,1,422),
(89,59,7,175),
(89,64,4,429),
(89,68,7,477),
(89,81,1,288),
(89,127,6,583),
(89,132,5,161),
(90,1,4,142),
(90,2,6,101),
(90,3,2,380),
(90,10,5,598),
(90,15,6,313),
(90,21,6,417),
(90,26,3,303),
(90,32,6,416),
(90,33,2,93),
(90,39,6,2),
(90,41,4,341),
(90,51,4,491),
(90,52,1,466),
(90,53,1,492),
(90,84,6,73),
(90,86,2,86),
(90,94,5,34),
(90,96,6,476),
(90,114,4,508),
(90,115,5,13),
(90,118,2,471),
(90,126,4,544),
(90,127,2,136),
(91,2,3,354),
(91,4,2,231),
(91,7,3,245),
(91,23,1,65),
(91,25,1,482),
(91,28,2,142),
(91,29,3,68),
(91,34,3,362),
(91,35,3,180),
(91,48,2,469),
(91,59,1,490),
(91,105,1,375),
(91,114,3,516),
(91,118,4,498),
(91,119,4,284),
(91,130,1,575),
(91,147,3,463),
(92,10,6,555),
(92,11,4,155),
(92,14,2,486),
(92,15,3,194),
(92,20,1,23),
(92,23,3,431),
(92,24,5,24),
(92,39,4,22),
(92,40,3,427),
(92,69,7,210),
(93,48,3,467),
(93,51,2,267),
(93,52,7,49),
(93,72,2,496),
(93,76,1,43),
(93,81,3,589),
(93,89,2,165),
(93,103,3,581),
(93,105,2,158),
(93,110,2,244),
(93,118,3,296),
(93,119,6,549),
(93,138,2,314),
(93,144,2,362),
(93,147,3,187),
(94,3,1,560),
(94,10,2,579),
(94,12,1,26),
(94,14,4,512),
(94,22,5,167),
(94,26,3,486),
(94,28,3,588),
(94,29,5,309),
(94,35,3,460),
(94,59,2,470),
(94,84,5,340),
(94,101,3,160),
(95,1,1,370),
(95,2,3,455),
(95,3,3,90),
(95,9,2,296),
(95,10,1,86),
(95,13,3,404),
(95,21,1,221),
(95,23,2,316),
(95,25,2,152),
(95,29,2,354),
(95,34,3,425),
(95,40,1,435),
(95,48,2,524),
(95,59,2,201),
(95,103,2,396),
(95,105,1,89),
(95,110,3,426),
(95,115,3,457),
(95,118,3,438),
(95,119,2,13),
(95,130,2,575),
(95,146,1,503),
(96,1,1,3),
(96,3,2,44),
(96,14,2,180),
(96,23,2,484),
(96,28,2,582),
(96,29,2,568),
(96,34,2,506),
(96,48,1,269),
(96,72,1,205),
(96,76,1,391),
(96,84,2,600),
(96,114,2,230),
(97,2,1,266),
(97,4,2,265),
(97,21,2,123),
(97,23,1,371),
(97,28,2,525),
(97,29,2,580),
(97,130,1,123),
(97,144,2,505),
(98,2,2,372),
(98,4,2,299),
(98,7,2,309),
(98,13,1,172),
(98,14,3,79),
(98,23,3,361),
(98,28,1,14),
(98,53,3,199),
(98,72,3,331),
(98,114,3,188),
(98,119,1,548),
(98,130,1,531),
(98,147,2,50),
(99,14,5,372),
(99,21,9,351),
(99,22,8,357),
(99,26,4,132),
(99,29,3,453),
(99,30,1,122),
(99,52,3,18),
(99,61,9,117),
(99,69,2,120),
(99,84,7,472),
(99,88,3,312),
(99,96,2,436),
(99,101,2,80),
(99,106,3,233),
(99,118,5,129),
(99,135,4,134),
(99,146,1,496),
(100,1,1,99),
(100,2,1,190),
(100,4,1,513),
(100,21,1,211),
(100,28,1,518),
(100,29,1,102),
(100,53,2,361),
(100,114,1,150),
(100,118,1,542),
(100,130,2,594),
(100,144,2,30),
(101,1,1,527),
(101,9,1,418),
(101,21,1,364),
(101,23,1,336),
(101,25,3,190),
(101,28,1,322),
(101,30,3,42),
(101,34,1,533),
(101,40,2,110),
(101,72,2,296),
(101,105,1,508),
(101,110,2,119),
(101,114,1,478),
(101,130,2,435),
(102,2,4,524),
(102,9,3,596),
(102,14,7,466),
(102,24,6,415),
(102,26,6,512),
(102,30,1,373),
(102,40,4,449),
(102,41,1,239),
(102,45,4,411),
(102,64,3,488),
(102,72,2,414),
(102,74,7,435),
(102,76,6,173),
(102,81,5,88),
(102,84,5,280),
(102,88,3,151),
(102,109,2,347),
(102,118,1,147),
(102,144,7,410),
(102,146,6,105),
(103,2,2,301),
(103,4,4,503),
(103,10,1,511),
(103,13,4,478),
(103,29,1,79),
(103,34,1,184),
(103,76,3,556),
(103,103,1,33),
(103,118,4,335),
(103,130,3,554),
(103,144,2,311),
(104,2,3,362),
(104,3,2,100),
(104,4,3,553),
(104,9,2,354),
(104,10,1,29),
(104,14,1,350),
(104,21,2,598),
(104,28,3,47),
(104,29,1,519),
(104,34,3,482),
(104,48,2,422),
(104,53,2,576),
(104,72,3,320),
(104,76,1,241),
(104,83,1,376),
(104,84,3,251),
(104,105,2,329),
(104,110,2,58),
(104,114,3,387),
(104,130,2,507),
(104,144,1,401),
(105,2,5,400),
(105,3,1,211),
(105,6,5,528),
(105,9,1,481),
(105,13,3,387),
(105,30,4,274),
(105,31,1,501),
(105,34,5,23),
(105,86,3,587),
(105,130,4,433),
(106,2,2,69),
(106,4,2,588),
(106,21,1,345),
(106,23,2,232),
(106,28,2,49),
(106,29,1,356),
(106,53,1,549),
(106,114,1,295),
(106,118,2,438),
(106,130,1,593),
(107,13,4,152),
(107,25,4,580),
(107,48,4,561),
(107,53,4,275),
(107,103,1,535),
(107,105,4,219),
(107,119,2,20),
(107,144,2,155),
(107,146,2,374),
(107,147,2,591),
(108,9,2,318),
(108,11,6,498),
(108,14,5,447),
(108,21,1,417),
(108,22,1,57),
(108,23,3,140),
(108,24,3,564),
(108,32,2,164),
(108,59,5,306),
(108,72,2,29),
(108,74,2,44),
(108,77,1,322),
(108,105,1,154),
(108,114,4,38),
(108,115,4,245),
(108,144,4,498),
(108,146,1,265),
(109,6,6,377),
(109,8,4,224),
(109,12,5,126),
(109,21,3,22),
(109,22,3,149),
(109,23,5,400),
(109,39,6,242),
(109,40,3,487),
(109,41,3,451),
(109,45,5,58),
(109,52,2,110),
(109,53,3,559),
(109,76,4,547),
(109,86,2,220),
(109,96,4,487),
(109,101,3,338),
(109,110,3,116),
(109,119,6,253),
(109,132,4,261),
(110,4,1,454),
(110,10,2,325),
(110,30,2,9),
(110,34,2,262),
(110,35,3,417),
(110,48,1,305),
(110,76,1,165),
(110,83,2,93),
(110,105,1,281),
(111,13,7,205),
(111,22,5,322),
(111,35,3,256),
(111,51,1,54),
(111,69,6,465),
(111,72,3,4),
(111,81,7,561),
(111,84,2,361),
(111,138,2,114),
(111,146,3,455),
(112,11,4,221),
(112,17,2,474),
(112,18,1,539),
(112,23,11,507),
(112,24,7,150),
(112,26,3,442),
(112,34,7,465),
(112,38,8,392),
(112,42,10,267),
(112,43,5,295),
(112,52,7,185),
(112,59,7,440),
(112,61,5,194),
(112,68,3,92),
(112,73,6,175),
(112,94,4,196),
(112,96,4,269),
(112,110,1,24),
(112,114,3,51),
(112,121,7,387),
(112,125,10,121),
(112,129,9,235),
(112,130,10,230),
(112,135,2,230),
(113,4,1,98),
(113,21,2,408),
(113,23,1,11),
(113,53,1,393),
(113,114,2,241),
(113,118,2,263),
(113,130,1,54),
(113,144,2,137),
(114,1,7,290),
(114,6,5,370),
(114,17,4,188),
(114,33,5,271),
(114,40,13,155),
(114,48,5,174),
(114,51,3,56),
(114,52,6,504),
(114,54,9,451),
(114,73,9,321),
(114,80,1,482),
(114,88,7,146),
(114,89,9,505),
(114,91,7,169),
(114,101,3,92),
(114,109,5,120),
(114,114,6,46),
(114,123,6,544),
(114,124,3,512),
(114,137,5,168),
(114,139,10,184),
(114,145,6,480),
(114,146,1,194),
(115,6,1,539),
(115,12,6,45),
(115,15,3,521),
(115,16,8,276),
(115,19,8,492),
(115,27,11,464),
(115,47,10,6),
(115,48,3,427),
(115,61,5,185),
(115,62,13,585),
(115,64,6,27),
(115,70,11,97),
(115,71,4,598),
(115,79,13,511),
(115,108,2,253),
(115,110,6,158),
(115,129,10,109),
(115,132,1,84),
(115,136,5,577),
(115,140,11,600),
(115,145,5,125),
(115,148,7,383),
(116,3,2,99),
(116,4,2,158),
(116,7,2,191),
(116,10,2,437),
(116,13,1,167),
(116,25,2,398),
(116,28,2,413),
(116,35,2,525),
(116,40,1,306),
(116,48,1,502),
(116,53,2,443),
(116,76,3,135),
(116,83,1,42),
(116,103,3,434),
(116,114,2,275),
(116,130,3,318),
(116,146,1,22),
(116,147,1,433),
(117,1,2,423),
(117,2,1,476),
(117,4,1,536),
(117,21,1,308),
(117,23,1,565),
(117,28,1,490),
(117,29,1,523),
(117,53,2,153),
(117,114,2,364),
(117,118,2,600),
(117,130,2,303),
(117,144,1,47),
(118,3,6,305),
(118,12,5,272),
(118,15,3,466),
(118,31,6,109),
(118,101,3,192),
(118,110,1,266),
(118,126,6,461),
(118,132,2,190),
(118,144,1,427),
(118,146,4,548),
(119,1,2,499),
(119,10,3,405),
(119,21,1,139),
(119,72,3,193),
(119,84,2,370),
(119,114,1,17),
(119,115,1,196),
(119,147,2,90),
(120,20,4,23),
(120,28,2,89),
(120,32,1,171),
(120,75,2,456),
(120,86,3,475),
(120,106,1,461),
(120,132,4,483),
(120,144,2,486),
(121,1,1,63),
(121,4,2,526),
(121,9,3,20),
(121,25,3,568),
(121,28,3,428),
(121,30,2,356),
(121,40,2,38),
(121,53,2,591),
(121,59,3,500),
(121,72,1,275),
(121,76,2,447),
(121,84,2,410),
(121,105,2,567),
(121,114,2,120),
(121,146,1,166),
(122,17,2,346),
(122,25,6,484),
(122,29,2,426),
(122,30,3,205),
(122,40,7,117),
(122,48,9,49),
(122,51,5,89),
(122,69,8,133),
(122,73,9,33),
(122,74,3,213),
(122,81,3,504),
(122,103,8,311),
(122,106,1,368),
(122,115,3,179),
(122,121,4,215),
(122,127,5,366),
(122,130,7,427),
(123,1,2,453),
(123,2,2,469),
(123,4,1,172),
(123,21,1,52),
(123,23,2,102),
(123,28,2,161),
(123,29,1,211),
(123,53,1,520),
(123,114,1,109),
(123,118,2,142),
(123,130,1,373),
(123,144,1,576),
(124,1,2,370),
(124,4,2,420),
(124,21,2,518),
(124,29,2,382),
(124,53,1,88),
(124,118,2,234),
(124,130,1,440),
(124,144,1,156),
(125,1,3,9),
(125,3,1,524),
(125,4,6,533),
(125,5,4,211),
(125,6,5,453),
(125,10,4,567),
(125,11,5,343),
(125,26,6,415),
(125,27,6,354),
(125,31,2,309),
(125,33,4,130),
(125,45,6,414),
(125,76,5,320),
(125,83,3,541),
(125,84,5,60),
(125,96,3,322),
(125,103,5,151),
(125,105,3,219),
(125,118,3,430),
(125,130,1,38),
(125,144,5,554),
(125,147,6,155),
(126,2,1,596),
(126,4,1,336),
(126,13,1,436),
(126,14,3,405),
(126,21,2,348),
(126,23,2,101),
(126,28,3,387),
(126,29,2,573),
(126,30,2,307),
(126,34,3,240),
(126,48,2,587),
(126,53,2,84),
(126,59,3,6),
(126,76,3,144),
(126,83,2,134),
(126,84,2,80),
(126,105,2,220),
(126,110,1,64),
(126,115,3,597),
(126,118,2,539),
(126,119,2,599),
(126,126,3,254),
(126,130,1,370),
(126,144,3,547),
(127,16,2,46),
(127,17,8,29),
(127,19,5,384),
(127,21,2,381),
(127,28,10,318),
(127,61,9,157),
(127,62,9,379),
(127,66,2,419),
(127,69,1,313),
(127,72,6,387),
(127,74,6,586),
(127,76,5,302),
(127,77,1,126),
(127,79,9,358),
(127,106,1,161),
(127,115,2,124),
(127,119,3,501),
(127,121,10,432),
(127,123,5,42),
(127,125,10,464),
(127,129,5,221),
(127,138,3,146),
(127,142,7,493),
(128,2,1,425),
(128,3,1,488),
(128,10,3,329),
(128,13,3,285),
(128,14,1,198),
(128,21,3,535),
(128,25,2,87),
(128,28,1,594),
(128,29,1,541),
(128,35,2,448),
(128,48,1,545),
(128,59,1,20),
(128,76,3,55),
(128,83,2,47),
(128,84,3,20),
(128,103,2,211),
(128,105,3,555),
(128,110,3,127),
(128,114,3,317),
(128,119,1,26),
(128,126,3,573),
(128,144,2,24),
(128,147,3,91),
(129,1,2,385),
(129,2,2,174),
(129,4,2,146),
(129,23,1,315),
(129,28,2,332),
(129,29,2,92),
(129,53,2,102),
(129,114,1,28),
(129,118,1,334),
(129,130,1,306),
(130,4,3,63),
(130,9,2,146),
(130,15,3,476),
(130,25,4,68),
(130,48,1,513),
(130,76,1,253),
(130,83,2,312),
(130,105,4,240),
(130,110,4,30),
(130,118,4,457),
(130,144,1,276),
(131,1,2,92),
(131,2,3,330),
(131,3,3,72),
(131,7,3,464),
(131,13,2,337),
(131,14,2,351),
(131,21,3,390),
(131,29,1,570),
(131,30,2,218),
(131,48,1,517),
(131,53,3,268),
(131,103,2,126),
(131,105,2,47),
(131,110,1,547),
(131,114,2,443),
(131,115,2,252),
(131,130,3,257),
(131,144,2,216),
(131,147,3,523),
(132,1,2,80),
(132,2,6,386),
(132,19,9,501),
(132,81,8,127),
(132,115,9,32),
(132,125,7,552),
(132,132,6,397),
(132,135,3,424),
(133,1,1,506),
(133,4,2,38),
(133,14,1,406),
(133,21,1,580),
(133,30,1,8),
(133,34,1,67),
(133,53,2,505),
(133,83,1,67),
(133,114,1,285),
(133,115,2,227),
(133,118,2,175),
(133,130,1,93),
(133,147,2,367),
(134,3,9,45),
(134,26,9,478),
(134,31,1,331),
(134,34,6,6),
(134,35,9,465),
(134,39,5,125),
(134,94,7,417),
(134,101,5,431),
(134,109,1,438),
(134,118,9,460),
(134,132,8,371),
(134,135,4,49),
(135,1,3,54),
(135,2,1,349),
(135,3,2,57),
(135,4,3,58),
(135,6,1,450),
(135,7,1,485),
(135,9,1,63),
(135,10,3,128),
(135,14,1,64),
(135,21,2,67),
(135,25,1,343),
(135,28,2,99),
(135,29,1,342),
(135,30,2,391),
(135,53,2,443),
(135,59,2,254),
(135,76,1,105),
(135,105,3,243),
(135,114,1,458),
(135,144,1,387),
(136,1,1,587),
(136,2,1,62),
(136,4,2,526),
(136,21,1,106),
(136,23,1,320),
(136,28,2,191),
(136,29,2,198),
(136,53,1,522),
(136,114,1,141),
(136,118,1,70),
(136,130,2,364),
(136,144,2,493),
(137,1,1,108),
(137,3,2,219),
(137,4,3,340),
(137,9,1,207),
(137,23,2,44),
(137,28,3,573),
(137,29,3,580),
(137,30,2,337),
(137,34,3,236),
(137,72,1,488),
(137,83,2,201),
(137,84,1,433),
(137,105,3,340),
(137,110,2,307),
(137,114,1,493),
(137,118,1,350),
(137,130,2,225),
(137,144,1,229),
(137,147,3,479),
(138,1,3,179),
(138,2,1,195),
(138,4,2,114),
(138,6,1,23),
(138,9,2,176),
(138,14,2,468),
(138,23,1,269),
(138,28,1,203),
(138,29,1,379),
(138,35,3,141),
(138,40,3,67),
(138,53,3,445),
(138,76,2,568),
(138,84,2,179),
(138,114,1,546),
(138,115,1,148),
(138,118,2,216),
(138,119,1,22),
(138,130,1,183),
(138,144,1,269),
(139,1,1,225),
(139,2,3,383),
(139,3,1,314),
(139,4,3,38),
(139,9,3,411),
(139,10,3,598),
(139,14,3,507),
(139,21,1,330),
(139,23,2,387),
(139,28,2,275),
(139,29,1,521),
(139,30,2,67),
(139,48,2,511),
(139,72,1,406),
(139,84,3,495),
(139,105,2,522),
(139,110,3,476),
(139,114,3,161),
(139,115,1,84),
(139,130,1,463),
(140,3,3,40),
(140,7,3,392),
(140,10,1,184),
(140,21,3,289),
(140,23,2,101),
(140,26,4,377),
(140,29,3,78),
(140,34,3,310),
(140,35,1,284),
(140,53,3,196),
(140,59,3,85),
(140,70,2,342),
(140,83,2,338),
(140,84,3,514),
(140,96,4,325),
(140,103,3,9),
(140,105,1,74),
(140,119,2,557),
(140,144,4,240),
(141,2,1,384),
(141,20,11,364),
(141,27,6,24),
(141,30,7,436),
(141,55,6,231),
(141,57,6,88),
(141,72,3,592),
(141,77,3,313),
(141,78,10,33),
(141,84,6,582),
(141,93,7,428),
(141,94,3,158),
(141,110,8,572),
(141,122,11,414),
(141,126,9,307),
(141,127,4,450),
(141,129,1,512),
(141,134,8,473),
(141,144,6,193),
(142,2,1,589),
(142,3,2,490),
(142,4,1,378),
(142,6,2,291),
(142,7,3,71),
(142,14,1,550),
(142,21,3,12),
(142,25,2,537),
(142,28,1,192),
(142,29,2,401),
(142,35,2,443),
(142,40,1,335),
(142,53,1,114),
(142,59,1,211),
(142,76,3,487),
(142,83,3,501),
(142,84,1,72),
(142,115,1,466),
(142,118,2,212),
(142,147,1,239),
(143,1,2,305),
(143,2,2,468),
(143,21,2,583),
(143,23,1,94),
(143,28,1,443),
(143,29,2,180),
(143,53,2,590),
(143,114,2,472),
(143,118,2,253),
(143,130,2,256),
(144,1,3,103),
(144,2,2,352),
(144,3,1,19),
(144,4,2,28),
(144,10,2,169),
(144,14,1,483),
(144,21,3,409),
(144,23,1,11),
(144,28,2,118),
(144,29,3,140),
(144,30,2,473),
(144,34,1,517),
(144,48,2,166),
(144,84,3,46),
(144,105,2,476),
(144,110,1,85),
(144,114,2,420),
(144,115,2,213),
(144,118,3,449),
(144,130,1,407),
(144,144,3,249),
(144,147,1,473),
(145,1,1,400),
(145,2,2,183),
(145,4,1,536),
(145,23,1,452),
(145,28,2,455),
(145,29,1,453),
(145,53,1,387),
(145,114,1,36),
(145,118,1,5),
(146,2,2,238),
(146,3,9,195),
(146,4,7,439),
(146,9,1,399),
(146,12,6,331),
(146,26,6,332),
(146,27,9,111),
(146,32,1,426),
(146,33,4,99),
(146,52,4,109),
(146,61,3,172),
(146,70,4,555),
(146,130,7,324),
(146,134,3,16),
(147,3,3,137),
(147,6,2,98),
(147,9,3,494),
(147,14,1,600),
(147,28,1,344),
(147,29,3,176),
(147,30,3,14),
(147,35,3,333),
(147,48,3,239),
(147,76,3,398),
(147,83,2,392),
(147,110,3,326),
(147,114,1,550),
(147,144,2,180),
(148,3,3,385),
(148,8,4,211),
(148,11,6,351),
(148,16,4,455),
(148,19,9,56),
(148,27,8,7),
(148,32,5,326),
(148,33,7,296),
(148,41,6,188),
(148,45,6,138),
(148,61,4,228),
(148,72,1,534),
(148,86,7,534),
(148,118,4,39),
(148,119,1,235),
(149,3,4,207),
(149,4,2,203),
(149,6,1,437),
(149,7,3,493),
(149,13,3,293),
(149,14,2,435),
(149,25,4,319),
(149,28,2,255),
(149,40,1,369),
(149,118,2,242),
(150,2,4,415),
(150,6,3,73),
(150,10,2,159),
(150,25,4,40),
(150,27,2,567),
(150,30,6,383),
(150,33,4,314),
(150,39,6,384),
(150,41,4,291),
(150,70,4,576),
(150,86,5,493),
(150,94,5,551),
(150,101,1,513),
(150,105,2,5),
(150,118,3,390),
(150,119,4,405),
(150,125,4,502),
(150,127,6,180),
(150,132,1,342),
(150,147,2,481);
/*!40000 ALTER TABLE `koleksi_kartu` ENABLE KEYS */;
UNLOCK TABLES;
COMMIT;
SET AUTOCOMMIT=@OLD_AUTOCOMMIT;

--
-- Table structure for table `pasukan`
--

DROP TABLE IF EXISTS `pasukan`;
/*!40101 SET @saved_cs_client     = @@character_set_client */;
/*!40101 SET character_set_client = utf8mb4 */;
CREATE TABLE `pasukan` (
  `kartu_id` int(11) NOT NULL,
  `health` int(11) DEFAULT NULL,
  `target_serangan` varchar(30) DEFAULT NULL,
  `jarak_serangan` decimal(5,2) DEFAULT NULL,
  `kecepatan_gerak` varchar(20) DEFAULT NULL,
  `kecepatan_menyerang` decimal(5,2) DEFAULT NULL,
  `tipe_pasukan` varchar(30) DEFAULT NULL,
  PRIMARY KEY (`kartu_id`),
  CONSTRAINT `1` FOREIGN KEY (`kartu_id`) REFERENCES `kartu` (`kartu_id`) ON DELETE CASCADE
) ENGINE=InnoDB DEFAULT CHARSET=utf8mb4 COLLATE=utf8mb4_unicode_ci;
/*!40101 SET character_set_client = @saved_cs_client */;

--
-- Dumping data for table `pasukan`
--

SET @OLD_AUTOCOMMIT=@@AUTOCOMMIT, @@AUTOCOMMIT=0;
LOCK TABLES `pasukan` WRITE;
/*!40000 ALTER TABLE `pasukan` DISABLE KEYS */;
INSERT INTO `pasukan` VALUES
(1,1718,'Udara',4.61,'Sangat Cepat',0.98,'Siege'),
(2,1410,'Semua',4.83,'Sedang',0.84,'Siege'),
(3,1280,'Darat',1.28,'Sedang',1.53,'Melee'),
(4,710,'Udara',2.82,'Sangat Cepat',0.83,'Melee'),
(5,321,'Semua',6.38,'Sedang',1.23,'Ranged'),
(6,2255,'Semua',2.10,'Cepat',1.12,'Siege'),
(7,542,'Darat',4.59,'Sedang',1.40,'Siege'),
(8,452,'Darat',3.30,'Sedang',1.91,'Melee'),
(9,1926,'Udara',2.02,'Cepat',1.84,'Melee'),
(10,1522,'Semua',4.32,'Cepat',1.07,'Siege'),
(11,2447,'Udara',5.89,'Sedang',1.81,'Ranged'),
(12,1417,'Darat',5.45,'Cepat',0.91,'Ranged'),
(13,1353,'Semua',2.02,'Cepat',1.73,'Siege'),
(14,1091,'Darat',4.36,'Sangat Cepat',1.78,'Siege'),
(15,1643,'Darat',3.20,'Lambat',0.94,'Melee'),
(16,2255,'Udara',6.15,'Lambat',1.04,'Melee'),
(17,2129,'Udara',6.25,'Cepat',1.46,'Siege'),
(18,346,'Udara',4.60,'Sedang',0.78,'Melee'),
(19,2206,'Udara',1.88,'Cepat',1.60,'Siege'),
(20,1508,'Udara',4.38,'Sedang',1.94,'Ranged'),
(35,536,'Semua',3.54,'Cepat',1.64,'Ranged'),
(36,1342,'Darat',5.10,'Lambat',0.76,'Ranged'),
(37,561,'Semua',6.47,'Lambat',1.98,'Ranged'),
(38,429,'Udara',3.25,'Sedang',1.70,'Siege'),
(39,2021,'Udara',6.46,'Sangat Cepat',1.28,'Ranged'),
(40,1838,'Darat',4.76,'Sedang',1.55,'Ranged'),
(41,785,'Darat',6.46,'Sangat Cepat',1.39,'Siege'),
(42,1212,'Darat',5.16,'Cepat',1.30,'Siege'),
(43,2037,'Semua',3.09,'Sedang',1.02,'Ranged'),
(44,935,'Udara',2.04,'Lambat',0.74,'Siege'),
(45,2017,'Semua',5.21,'Lambat',1.01,'Melee'),
(46,713,'Semua',1.18,'Lambat',1.02,'Melee'),
(47,1947,'Udara',2.29,'Sedang',1.68,'Melee'),
(48,873,'Semua',6.46,'Sedang',1.76,'Siege'),
(49,1606,'Semua',4.29,'Cepat',1.01,'Melee'),
(50,2435,'Darat',3.27,'Cepat',0.78,'Siege'),
(51,1017,'Semua',4.73,'Sangat Cepat',0.76,'Ranged'),
(52,1861,'Semua',2.75,'Sangat Cepat',1.23,'Ranged'),
(53,1841,'Darat',5.15,'Sangat Cepat',1.01,'Melee'),
(54,1531,'Semua',1.79,'Sangat Cepat',1.89,'Siege'),
(55,1990,'Udara',4.07,'Sedang',1.20,'Ranged'),
(56,1132,'Udara',4.56,'Sangat Cepat',1.80,'Melee'),
(57,2493,'Semua',5.56,'Lambat',1.05,'Siege'),
(58,461,'Darat',2.03,'Sedang',1.32,'Ranged'),
(59,1541,'Darat',2.16,'Sedang',1.95,'Melee'),
(60,2261,'Darat',4.83,'Sedang',1.22,'Melee'),
(61,1617,'Udara',3.09,'Cepat',1.10,'Ranged'),
(62,2400,'Udara',3.56,'Sangat Cepat',1.69,'Ranged'),
(63,1132,'Udara',2.72,'Lambat',1.43,'Melee'),
(64,897,'Darat',2.43,'Sangat Cepat',1.08,'Melee');
/*!40000 ALTER TABLE `pasukan` ENABLE KEYS */;
UNLOCK TABLES;
COMMIT;
SET AUTOCOMMIT=@OLD_AUTOCOMMIT;

--
-- Table structure for table `permintaan_donasi`
--

DROP TABLE IF EXISTS `permintaan_donasi`;
/*!40101 SET @saved_cs_client     = @@character_set_client */;
/*!40101 SET character_set_client = utf8mb4 */;
CREATE TABLE `permintaan_donasi` (
  `klan_id` int(11) NOT NULL,
  `urutan_chat` int(11) NOT NULL,
  `jumlah_kartu_diterima` int(11) DEFAULT 0,
  `kartu_id` int(11) NOT NULL,
  PRIMARY KEY (`klan_id`,`urutan_chat`),
  KEY `kartu_id` (`kartu_id`),
  CONSTRAINT `1` FOREIGN KEY (`klan_id`, `urutan_chat`) REFERENCES `chat` (`klan_id`, `urutan_chat`) ON DELETE CASCADE,
  CONSTRAINT `2` FOREIGN KEY (`kartu_id`) REFERENCES `kartu` (`kartu_id`) ON DELETE CASCADE
) ENGINE=InnoDB DEFAULT CHARSET=utf8mb4 COLLATE=utf8mb4_unicode_ci;
/*!40101 SET character_set_client = @saved_cs_client */;

--
-- Dumping data for table `permintaan_donasi`
--

SET @OLD_AUTOCOMMIT=@@AUTOCOMMIT, @@AUTOCOMMIT=0;
LOCK TABLES `permintaan_donasi` WRITE;
/*!40000 ALTER TABLE `permintaan_donasi` DISABLE KEYS */;
INSERT INTO `permintaan_donasi` VALUES
(1,1,7,41),
(1,2,39,57),
(1,9,6,12),
(1,12,6,24),
(1,13,9,41),
(1,16,30,23),
(1,33,1,30),
(2,4,1,144),
(2,5,3,52),
(2,9,5,29),
(2,10,20,9),
(2,15,1,101),
(2,18,1,22),
(2,22,26,23),
(2,23,3,14),
(2,25,0,14),
(2,29,12,23),
(3,5,0,69),
(3,14,2,39),
(3,20,5,25),
(3,24,2,27),
(4,2,24,76),
(4,6,3,26),
(4,10,36,23),
(4,14,6,34),
(4,23,3,10),
(4,30,10,23),
(4,34,0,53),
(4,37,3,40),
(4,38,1,53),
(5,1,8,1),
(5,5,2,124),
(5,8,3,135),
(5,9,10,37),
(5,14,1,15),
(5,16,9,130),
(5,18,34,112),
(5,22,1,81),
(5,23,10,15),
(5,33,9,24),
(5,35,23,51),
(5,40,3,17),
(5,44,9,139),
(5,49,8,12),
(6,1,0,48),
(6,4,10,103),
(6,5,4,130),
(6,12,31,4),
(6,19,1,103),
(6,31,0,53),
(6,35,1,144),
(6,39,25,29),
(6,41,0,144),
(6,44,1,13),
(6,47,4,13),
(7,7,3,29),
(7,10,1,118),
(7,12,34,70),
(7,15,10,28),
(7,17,9,25),
(7,18,5,23),
(7,21,1,118),
(7,22,4,33),
(7,23,14,48),
(7,24,0,20),
(8,1,0,12),
(8,3,13,29),
(8,7,2,33),
(8,11,6,7),
(8,14,7,130),
(8,19,4,52),
(8,24,24,4),
(8,26,0,121),
(8,34,23,103),
(8,43,9,29),
(8,45,1,69),
(8,48,8,146),
(8,52,23,1),
(8,55,0,121),
(8,57,2,114),
(9,2,8,84),
(9,3,1,114),
(9,4,0,53),
(9,13,0,10),
(9,14,1,110),
(9,21,3,10),
(9,23,14,4),
(9,28,21,72),
(9,31,3,12),
(10,1,0,114),
(10,2,28,4),
(10,9,0,84),
(10,16,2,21),
(10,17,2,114),
(10,22,1,118),
(10,24,4,1),
(11,8,0,125),
(11,13,6,41),
(11,15,3,132),
(11,17,39,146),
(11,20,14,76),
(11,25,1,61),
(11,37,0,40),
(11,39,0,74),
(11,42,8,30),
(11,43,0,12),
(11,44,7,30),
(12,2,10,13),
(12,6,7,7),
(12,13,0,9),
(12,18,21,29),
(12,35,8,21),
(12,41,9,2),
(12,46,0,35),
(12,48,4,4),
(13,3,0,53),
(13,4,4,115),
(13,5,1,110),
(13,6,2,4),
(13,8,0,93),
(13,11,40,1),
(13,14,4,3),
(13,16,0,53),
(13,20,3,72),
(13,21,35,72),
(13,22,25,72),
(13,24,0,10),
(14,2,0,144),
(14,9,1,59),
(14,11,26,32),
(14,14,12,48),
(14,18,0,144),
(14,24,1,59),
(14,34,37,76),
(14,35,1,118),
(14,39,4,14),
(14,46,16,9),
(14,47,0,24),
(14,51,1,20),
(14,53,2,21),
(14,54,11,28),
(15,2,3,14),
(15,25,1,1),
(16,3,10,23),
(16,4,18,29),
(16,14,0,110),
(16,17,39,2),
(16,26,1,59),
(16,30,3,114),
(16,34,1,61),
(16,35,4,83),
(16,43,6,4),
(16,44,33,29),
(16,46,7,147),
(16,49,20,29),
(16,51,0,118),
(16,54,0,83),
(17,5,1,118),
(17,7,1,114),
(17,12,15,29),
(17,14,0,53),
(17,21,6,84),
(17,27,6,2),
(17,28,38,2),
(17,32,2,126),
(18,1,2,24),
(18,4,30,112),
(18,5,1,68),
(18,7,4,47),
(18,9,3,52),
(18,12,17,66),
(18,17,25,34),
(18,26,1,88),
(18,27,2,8),
(18,30,8,66),
(18,38,9,11),
(18,40,1,47),
(18,47,1,53),
(18,51,33,34),
(19,12,0,74),
(19,24,5,103),
(19,31,1,17),
(19,34,5,30),
(19,36,3,47),
(19,42,6,13),
(20,1,16,76),
(20,8,39,9),
(20,26,40,9),
(20,27,4,34),
(20,28,7,29),
(20,31,1,147),
(20,38,6,28),
(20,39,3,130),
(20,45,0,109),
(20,47,1,83),
(20,50,3,54),
(20,51,10,135),
(20,55,0,109),
(20,56,4,146),
(20,58,15,23),
(21,4,11,23),
(21,5,3,96),
(21,8,3,33),
(21,15,5,127),
(21,19,20,113),
(21,22,4,40),
(21,23,4,7),
(21,25,0,30),
(21,28,2,127),
(21,32,28,2),
(21,33,1,119),
(21,37,1,10),
(22,2,21,2),
(22,3,1,10),
(22,6,0,105),
(22,12,0,115),
(22,23,3,27),
(22,27,0,53),
(23,4,2,80),
(23,9,7,130),
(23,12,40,29),
(23,14,4,130),
(23,16,3,17),
(23,17,38,54),
(23,25,5,139),
(23,26,1,123),
(23,27,0,118),
(23,28,4,114),
(23,35,34,28),
(23,37,9,13),
(23,41,1,45),
(23,46,6,37),
(23,47,25,123),
(23,48,3,114),
(24,6,3,7),
(24,19,1,119),
(25,5,5,21),
(25,8,4,83),
(25,15,3,14),
(25,17,1,144),
(25,22,11,28),
(25,23,6,1),
(25,24,1,114),
(25,25,6,25),
(26,10,1,3),
(26,12,28,2),
(26,13,2,114),
(26,15,22,28),
(26,17,1,53),
(26,19,21,23),
(26,26,1,53),
(26,28,4,114),
(27,6,0,144),
(27,20,2,21),
(27,21,21,23),
(27,22,0,130),
(27,25,1,26),
(27,26,20,9),
(27,27,39,23),
(27,35,7,12),
(27,36,2,3),
(27,44,6,12),
(27,47,1,53),
(27,48,1,53),
(27,49,20,32),
(27,54,30,23),
(27,57,0,118),
(28,3,5,32),
(28,12,4,52),
(28,21,1,86),
(29,3,0,14),
(29,6,38,1),
(29,8,0,144),
(29,10,6,28),
(29,13,3,25),
(29,14,11,2),
(29,15,7,7),
(29,17,3,29),
(29,22,0,53),
(29,23,1,96),
(29,31,1,40),
(29,36,30,103),
(29,37,3,130),
(29,38,4,6),
(29,40,5,13),
(30,5,0,71),
(30,16,7,7),
(30,22,1,118),
(30,23,0,115),
(30,24,13,28),
(30,30,32,34),
(30,32,0,118),
(30,34,0,53),
(30,37,0,110),
(30,39,2,21);
/*!40000 ALTER TABLE `permintaan_donasi` ENABLE KEYS */;
UNLOCK TABLES;
COMMIT;
SET AUTOCOMMIT=@OLD_AUTOCOMMIT;

--
-- Table structure for table `pertarungan`
--

DROP TABLE IF EXISTS `pertarungan`;
/*!40101 SET @saved_cs_client     = @@character_set_client */;
/*!40101 SET character_set_client = utf8mb4 */;
CREATE TABLE `pertarungan` (
  `pertarungan_id` int(11) NOT NULL,
  `tahun` int(11) NOT NULL,
  `bulan` int(11) NOT NULL,
  `tanggal` int(11) NOT NULL,
  `jam` int(11) NOT NULL,
  `menit` int(11) NOT NULL,
  `replay_path` varchar(255) DEFAULT NULL,
  `akun_pemain_1` int(11) NOT NULL,
  `akun_pemain_2` int(11) NOT NULL,
  `id_pemenang` int(11) DEFAULT NULL,
  `arena_id` int(11) NOT NULL,
  PRIMARY KEY (`pertarungan_id`),
  KEY `akun_pemain_1` (`akun_pemain_1`),
  KEY `akun_pemain_2` (`akun_pemain_2`),
  KEY `id_pemenang` (`id_pemenang`),
  KEY `arena_id` (`arena_id`),
  CONSTRAINT `1` FOREIGN KEY (`akun_pemain_1`) REFERENCES `akun` (`akun_id`),
  CONSTRAINT `2` FOREIGN KEY (`akun_pemain_2`) REFERENCES `akun` (`akun_id`),
  CONSTRAINT `3` FOREIGN KEY (`id_pemenang`) REFERENCES `akun` (`akun_id`),
  CONSTRAINT `4` FOREIGN KEY (`arena_id`) REFERENCES `arena` (`arena_id`)
) ENGINE=InnoDB DEFAULT CHARSET=utf8mb4 COLLATE=utf8mb4_unicode_ci;
/*!40101 SET character_set_client = @saved_cs_client */;

--
-- Dumping data for table `pertarungan`
--

SET @OLD_AUTOCOMMIT=@@AUTOCOMMIT, @@AUTOCOMMIT=0;
LOCK TABLES `pertarungan` WRITE;
/*!40000 ALTER TABLE `pertarungan` DISABLE KEYS */;
INSERT INTO `pertarungan` VALUES
(1,2025,8,23,12,31,'/replays/r000001.mp4',111,64,111,10),
(2,2025,5,20,17,7,'/replays/r000002.mp4',88,10,88,10),
(3,2025,10,28,10,45,'/replays/r000003.mp4',88,36,88,10),
(4,2025,11,24,13,44,'/replays/r000004.mp4',111,5,111,10),
(5,2026,2,6,20,4,'/replays/r000005.mp4',37,148,37,10),
(6,2025,9,26,23,15,'/replays/r000006.mp4',17,99,99,10),
(7,2025,1,10,11,52,'/replays/r000007.mp4',17,87,87,10),
(8,2026,1,29,18,36,'/replays/r000008.mp4',37,84,37,10),
(9,2025,11,9,0,17,'/replays/r000009.mp4',87,99,87,10),
(10,2025,7,20,21,34,'/replays/r000010.mp4',88,5,88,10),
(11,2026,1,3,19,33,'/replays/r000011.mp4',17,99,99,10),
(12,2025,3,28,17,43,'/replays/r000012.mp4',84,134,NULL,10),
(13,2025,10,25,20,25,'/replays/r000013.mp4',37,88,88,10),
(14,2026,4,4,9,14,'/replays/r000014.mp4',10,36,10,10),
(15,2026,4,23,7,29,'/replays/r000015.mp4',69,64,64,10),
(16,2025,8,7,19,31,'/replays/r000016.mp4',99,88,99,10),
(17,2025,12,24,11,41,'/replays/r000017.mp4',5,17,17,10),
(18,2025,10,14,20,11,'/replays/r000018.mp4',85,5,5,10),
(19,2025,8,19,0,31,'/replays/r000019.mp4',69,88,69,10),
(20,2025,8,16,18,23,'/replays/r000020.mp4',1,134,1,10),
(21,2025,9,10,3,35,'/replays/r000021.mp4',85,88,85,10),
(22,2025,10,5,11,31,'/replays/r000022.mp4',80,5,5,10),
(23,2025,7,13,2,44,'/replays/r000023.mp4',5,134,134,10),
(24,2025,4,8,21,49,'/replays/r000024.mp4',37,10,10,10),
(25,2025,8,2,8,42,'/replays/r000025.mp4',36,111,36,10),
(26,2025,7,9,14,22,'/replays/r000026.mp4',85,99,99,10),
(27,2025,3,1,10,44,'/replays/r000027.mp4',132,146,146,10),
(28,2026,4,19,7,10,'/replays/r000028.mp4',84,85,84,10),
(29,2025,3,3,4,17,'/replays/r000029.mp4',17,87,87,10),
(30,2025,1,18,9,15,'/replays/r000030.mp4',84,80,84,10),
(31,2025,3,3,13,56,'/replays/r000031.mp4',37,69,69,10),
(32,2026,3,20,10,15,'/replays/r000032.mp4',88,17,17,10),
(33,2026,2,23,18,37,'/replays/r000033.mp4',69,80,80,10),
(34,2026,1,3,7,50,'/replays/r000034.mp4',67,5,67,10),
(35,2025,5,25,5,57,'/replays/r000035.mp4',64,88,64,10),
(36,2026,4,15,14,58,'/replays/r000036.mp4',69,132,132,10),
(37,2025,7,31,19,6,'/replays/r000037.mp4',87,37,37,10),
(38,2025,11,18,19,34,'/replays/r000038.mp4',1,88,1,10),
(39,2026,4,11,7,39,'/replays/r000039.mp4',36,69,36,10),
(40,2025,1,15,0,54,'/replays/r000040.mp4',84,17,84,10),
(41,2026,4,20,21,3,'/replays/r000041.mp4',102,38,102,9),
(42,2026,4,2,15,30,'/replays/r000042.mp4',38,92,92,9),
(43,2025,10,30,4,13,'/replays/r000043.mp4',75,92,75,9),
(44,2025,9,22,13,10,'/replays/r000044.mp4',75,92,75,9),
(45,2025,4,28,21,21,'/replays/r000045.mp4',38,102,102,9),
(46,2025,5,13,1,16,'/replays/r000046.mp4',75,102,75,9),
(47,2025,1,26,1,29,'/replays/r000047.mp4',102,75,102,9),
(48,2026,1,13,21,44,'/replays/r000048.mp4',102,92,NULL,9),
(49,2026,2,16,8,18,'/replays/r000049.mp4',92,38,92,9),
(50,2025,9,2,22,19,'/replays/r000050.mp4',38,102,38,9),
(51,2026,3,31,8,0,'/replays/r000051.mp4',75,102,75,9),
(52,2025,12,2,4,19,'/replays/r000052.mp4',13,92,13,9),
(53,2025,8,9,12,2,'/replays/r000053.mp4',122,3,3,12),
(54,2026,2,22,13,27,'/replays/r000054.mp4',122,3,122,12),
(55,2025,4,6,22,5,'/replays/r000055.mp4',3,122,122,12),
(56,2025,3,27,22,20,'/replays/r000056.mp4',3,122,3,12),
(57,2025,11,8,13,21,'/replays/r000057.mp4',122,3,3,12),
(58,2025,11,21,19,26,'/replays/r000058.mp4',122,3,3,12),
(59,2025,3,24,1,14,'/replays/r000059.mp4',122,3,3,12),
(60,2025,11,10,18,28,'/replays/r000060.mp4',122,3,122,12),
(61,2025,12,16,2,27,'/replays/r000061.mp4',122,3,122,12),
(62,2025,1,3,14,12,'/replays/r000062.mp4',3,122,3,12),
(63,2025,5,14,19,21,'/replays/r000063.mp4',89,52,52,8),
(64,2025,11,21,17,56,'/replays/r000064.mp4',120,21,120,8),
(65,2025,1,23,13,21,'/replays/r000065.mp4',70,120,70,8),
(66,2026,4,27,12,9,'/replays/r000066.mp4',93,30,93,8),
(67,2025,11,14,12,7,'/replays/r000067.mp4',89,21,21,8),
(68,2025,5,10,7,1,'/replays/r000068.mp4',4,52,52,8),
(69,2025,10,15,14,48,'/replays/r000069.mp4',93,72,72,8),
(70,2025,10,30,9,48,'/replays/r000070.mp4',4,93,93,8),
(71,2025,5,6,8,19,'/replays/r000071.mp4',89,120,120,8),
(72,2025,7,5,21,9,'/replays/r000072.mp4',72,52,52,8),
(73,2025,6,5,4,16,'/replays/r000073.mp4',26,72,NULL,8),
(74,2025,1,24,23,49,'/replays/r000074.mp4',52,26,52,8),
(75,2025,7,10,8,0,'/replays/r000075.mp4',30,93,93,8),
(76,2025,7,7,21,2,'/replays/r000076.mp4',120,93,120,8),
(77,2025,3,28,8,7,'/replays/r000077.mp4',26,72,72,8),
(78,2025,5,4,16,56,'/replays/r000078.mp4',93,52,52,8),
(79,2025,2,24,5,57,'/replays/r000079.mp4',30,72,72,8),
(80,2025,11,12,14,51,'/replays/r000080.mp4',4,120,120,8),
(81,2025,2,24,15,42,'/replays/r000081.mp4',89,72,72,8),
(82,2026,2,22,8,46,'/replays/r000082.mp4',70,51,51,8),
(83,2026,2,19,21,39,'/replays/r000083.mp4',21,93,93,8),
(84,2025,2,16,10,29,'/replays/r000084.mp4',4,72,72,8),
(85,2025,1,31,23,54,'/replays/r000085.mp4',81,110,110,3),
(86,2026,2,2,8,9,'/replays/r000086.mp4',103,110,110,3),
(87,2025,3,22,11,40,'/replays/r000087.mp4',121,119,119,3),
(88,2026,3,27,8,28,'/replays/r000088.mp4',46,73,73,3),
(89,2025,9,21,22,58,'/replays/r000089.mp4',40,47,40,3),
(90,2025,6,13,4,16,'/replays/r000090.mp4',46,65,65,3),
(91,2025,2,27,12,45,'/replays/r000091.mp4',73,31,73,3),
(92,2025,7,21,22,44,'/replays/r000092.mp4',126,131,131,3),
(93,2025,9,14,19,58,'/replays/r000093.mp4',98,81,81,3),
(94,2026,4,7,16,56,'/replays/r000094.mp4',121,73,73,3),
(95,2025,8,13,0,43,'/replays/r000095.mp4',23,45,23,3),
(96,2026,3,14,17,8,'/replays/r000096.mp4',8,63,63,3),
(97,2025,5,3,22,58,'/replays/r000097.mp4',103,81,103,3),
(98,2025,12,8,15,37,'/replays/r000098.mp4',149,91,91,3),
(99,2025,4,10,20,24,'/replays/r000099.mp4',81,46,46,3),
(100,2025,7,19,20,31,'/replays/r000100.mp4',46,81,81,3),
(101,2026,3,30,0,12,'/replays/r000101.mp4',63,8,8,3),
(102,2025,7,21,11,57,'/replays/r000102.mp4',91,46,46,3),
(103,2026,2,6,10,11,'/replays/r000103.mp4',103,135,135,3),
(104,2025,5,13,8,40,'/replays/r000104.mp4',110,128,128,3),
(105,2026,1,25,5,5,'/replays/r000105.mp4',101,46,46,3),
(106,2026,1,12,21,38,'/replays/r000106.mp4',95,138,95,3),
(107,2026,1,11,22,23,'/replays/r000107.mp4',47,138,138,3),
(108,2025,2,20,7,4,'/replays/r000108.mp4',107,6,6,3),
(109,2025,6,24,5,26,'/replays/r000109.mp4',98,63,98,3),
(110,2025,4,3,21,20,'/replays/r000110.mp4',46,79,79,3),
(111,2026,3,19,6,32,'/replays/r000111.mp4',55,101,101,3),
(112,2025,6,7,7,25,'/replays/r000112.mp4',6,138,138,3),
(113,2025,3,18,18,30,'/replays/r000113.mp4',103,23,103,3),
(114,2026,3,6,17,58,'/replays/r000114.mp4',98,135,98,3),
(115,2025,2,13,11,26,'/replays/r000115.mp4',142,29,NULL,3),
(116,2025,7,10,1,23,'/replays/r000116.mp4',121,149,149,3),
(117,2025,7,10,8,45,'/replays/r000117.mp4',73,49,49,3),
(118,2026,4,19,3,8,'/replays/r000118.mp4',63,126,63,3),
(119,2025,5,28,14,7,'/replays/r000119.mp4',79,147,79,3),
(120,2025,2,17,6,36,'/replays/r000120.mp4',25,45,45,3),
(121,2026,3,28,11,39,'/replays/r000121.mp4',61,63,61,3),
(122,2025,2,9,16,15,'/replays/r000122.mp4',128,126,128,3),
(123,2025,4,1,9,58,'/replays/r000123.mp4',95,25,95,3),
(124,2025,3,19,13,49,'/replays/r000124.mp4',121,29,29,3),
(125,2025,8,21,23,40,'/replays/r000125.mp4',142,61,61,3),
(126,2025,3,28,14,57,'/replays/r000126.mp4',149,6,6,3),
(127,2026,4,23,5,29,'/replays/r000127.mp4',121,55,55,3),
(128,2025,11,13,6,10,'/replays/r000128.mp4',126,6,126,3),
(129,2025,9,13,6,16,'/replays/r000129.mp4',79,131,131,3),
(130,2025,8,21,17,38,'/replays/r000130.mp4',135,128,128,3),
(131,2025,8,2,19,44,'/replays/r000131.mp4',73,142,73,3),
(132,2025,12,8,19,0,'/replays/r000132.mp4',147,135,147,3),
(133,2025,9,5,22,27,'/replays/r000133.mp4',40,49,49,3),
(134,2025,5,19,20,59,'/replays/r000134.mp4',135,128,128,3),
(135,2025,3,15,10,52,'/replays/r000135.mp4',25,119,119,3),
(136,2026,2,23,8,2,'/replays/r000136.mp4',121,98,98,3),
(137,2025,6,30,1,7,'/replays/r000137.mp4',49,55,55,3),
(138,2025,9,6,13,31,'/replays/r000138.mp4',61,91,91,3),
(139,2025,8,22,1,33,'/replays/r000139.mp4',138,128,138,3),
(140,2025,9,9,11,25,'/replays/r000140.mp4',61,149,149,3),
(141,2025,5,14,10,9,'/replays/r000141.mp4',47,55,55,3),
(142,2026,1,3,23,48,'/replays/r000142.mp4',47,95,NULL,3),
(143,2025,7,24,3,58,'/replays/r000143.mp4',116,79,116,3),
(144,2025,8,26,20,35,'/replays/r000144.mp4',128,91,128,3),
(145,2025,9,2,22,29,'/replays/r000145.mp4',98,101,101,3),
(146,2025,11,2,16,9,'/replays/r000146.mp4',121,91,121,3),
(147,2025,11,10,20,37,'/replays/r000147.mp4',116,6,6,3),
(148,2025,4,19,16,29,'/replays/r000148.mp4',24,116,24,3),
(149,2025,6,7,1,31,'/replays/r000149.mp4',126,79,126,3),
(150,2025,10,18,2,4,'/replays/r000150.mp4',61,73,61,3),
(151,2025,10,25,0,34,'/replays/r000151.mp4',8,95,8,3),
(152,2025,6,4,22,3,'/replays/r000152.mp4',95,147,147,3),
(153,2025,8,1,19,2,'/replays/r000153.mp4',61,135,61,3),
(154,2025,9,10,19,26,'/replays/r000154.mp4',31,25,31,3),
(155,2025,10,30,23,18,'/replays/r000155.mp4',128,23,23,3),
(156,2026,4,17,5,47,'/replays/r000156.mp4',131,65,131,3),
(157,2025,9,24,4,14,'/replays/r000157.mp4',107,24,107,3),
(158,2025,8,9,18,31,'/replays/r000158.mp4',79,142,79,3),
(159,2025,2,27,11,15,'/replays/r000159.mp4',9,130,9,4),
(160,2025,4,27,20,1,'/replays/r000160.mp4',86,105,105,4),
(161,2025,12,7,9,46,'/replays/r000161.mp4',66,59,59,4),
(162,2025,7,22,12,9,'/replays/r000162.mp4',59,86,86,4),
(163,2025,4,20,2,30,'/replays/r000163.mp4',140,66,66,4),
(164,2025,10,8,13,48,'/replays/r000164.mp4',9,86,NULL,4),
(165,2025,12,30,18,14,'/replays/r000165.mp4',130,59,130,4),
(166,2025,6,4,13,21,'/replays/r000166.mp4',59,130,59,4),
(167,2025,1,18,23,19,'/replays/r000167.mp4',66,140,140,4),
(168,2025,11,28,22,1,'/replays/r000168.mp4',54,9,9,4),
(169,2026,2,15,10,2,'/replays/r000169.mp4',105,130,130,4),
(170,2025,12,6,14,7,'/replays/r000170.mp4',7,86,7,4),
(171,2026,1,18,3,43,'/replays/r000171.mp4',7,86,86,4),
(172,2025,2,28,16,24,'/replays/r000172.mp4',66,86,86,4),
(173,2026,2,3,20,20,'/replays/r000173.mp4',9,140,140,4),
(174,2025,5,29,6,24,'/replays/r000174.mp4',9,130,130,4),
(175,2025,12,28,17,33,'/replays/r000175.mp4',9,105,105,4),
(176,2025,2,26,17,17,'/replays/r000176.mp4',130,54,54,4),
(177,2025,12,2,20,28,'/replays/r000177.mp4',41,108,108,6),
(178,2025,1,5,22,26,'/replays/r000178.mp4',11,109,109,6),
(179,2025,6,24,22,35,'/replays/r000179.mp4',150,109,150,6),
(180,2025,6,23,2,58,'/replays/r000180.mp4',108,109,108,6),
(181,2025,6,5,14,27,'/replays/r000181.mp4',150,108,108,6),
(182,2026,3,25,1,22,'/replays/r000182.mp4',150,108,108,6),
(183,2025,6,10,2,48,'/replays/r000183.mp4',41,42,42,6),
(184,2026,2,19,7,42,'/replays/r000184.mp4',90,41,90,6),
(185,2026,2,24,11,45,'/replays/r000185.mp4',150,11,11,6),
(186,2025,9,2,22,17,'/replays/r000186.mp4',108,14,108,6),
(187,2025,5,7,19,55,'/replays/r000187.mp4',42,150,42,6),
(188,2025,6,18,17,34,'/replays/r000188.mp4',109,90,109,6),
(189,2025,12,8,11,30,'/replays/r000189.mp4',108,11,108,6),
(190,2025,6,12,0,17,'/replays/r000190.mp4',14,109,14,6),
(191,2025,11,7,1,13,'/replays/r000191.mp4',109,11,109,6),
(192,2026,4,4,10,26,'/replays/r000192.mp4',42,150,150,6),
(193,2026,1,29,13,38,'/replays/r000193.mp4',14,150,NULL,6),
(194,2025,6,12,19,56,'/replays/r000194.mp4',150,125,150,6),
(195,2025,10,6,8,52,'/replays/r000195.mp4',14,118,118,6),
(196,2025,3,12,12,27,'/replays/r000196.mp4',108,109,108,6),
(197,2025,3,28,23,41,'/replays/r000197.mp4',28,18,28,11),
(198,2025,11,23,5,37,'/replays/r000198.mp4',60,12,60,11),
(199,2025,8,29,18,28,'/replays/r000199.mp4',60,12,60,11),
(200,2025,8,22,13,21,'/replays/r000200.mp4',12,18,NULL,11),
(201,2025,10,30,16,16,'/replays/r000201.mp4',18,28,18,11),
(202,2025,8,2,9,4,'/replays/r000202.mp4',60,12,NULL,11),
(203,2025,7,13,9,39,'/replays/r000203.mp4',28,12,28,11),
(204,2026,2,7,19,48,'/replays/r000204.mp4',18,28,18,11),
(205,2025,1,31,6,50,'/replays/r000205.mp4',18,12,12,11),
(206,2025,8,16,15,29,'/replays/r000206.mp4',12,28,28,11),
(207,2025,11,22,15,11,'/replays/r000207.mp4',106,117,117,1),
(208,2025,4,28,13,56,'/replays/r000208.mp4',57,145,NULL,1),
(209,2025,3,26,23,12,'/replays/r000209.mp4',57,106,106,1),
(210,2025,8,26,17,27,'/replays/r000210.mp4',57,15,15,1),
(211,2025,7,25,23,20,'/replays/r000211.mp4',113,106,NULL,1),
(212,2025,1,21,1,30,'/replays/r000212.mp4',145,100,145,1),
(213,2025,1,27,13,57,'/replays/r000213.mp4',100,15,15,1),
(214,2025,10,20,20,28,'/replays/r000214.mp4',50,117,50,1),
(215,2025,3,19,18,17,'/replays/r000215.mp4',145,129,145,1),
(216,2025,3,13,13,18,'/replays/r000216.mp4',15,106,106,1),
(217,2026,1,5,11,29,'/replays/r000217.mp4',117,35,117,1),
(218,2026,2,21,21,19,'/replays/r000218.mp4',123,117,117,1),
(219,2025,1,1,13,27,'/replays/r000219.mp4',123,50,50,1),
(220,2025,7,19,12,14,'/replays/r000220.mp4',97,124,124,1),
(221,2025,10,11,22,57,'/replays/r000221.mp4',50,100,100,1),
(222,2026,3,20,16,40,'/replays/r000222.mp4',145,43,43,1),
(223,2025,4,11,19,47,'/replays/r000223.mp4',68,50,68,1),
(224,2025,3,15,14,59,'/replays/r000224.mp4',50,77,77,1),
(225,2025,3,23,17,35,'/replays/r000225.mp4',113,97,97,1),
(226,2025,8,22,21,3,'/replays/r000226.mp4',77,145,77,1),
(227,2026,2,8,19,57,'/replays/r000227.mp4',100,123,123,1),
(228,2025,7,27,4,7,'/replays/r000228.mp4',129,143,NULL,1),
(229,2025,4,23,19,6,'/replays/r000229.mp4',50,100,50,1),
(230,2025,10,27,1,28,'/replays/r000230.mp4',143,34,34,1),
(231,2025,1,12,2,58,'/replays/r000231.mp4',34,68,NULL,1),
(232,2025,7,4,17,27,'/replays/r000232.mp4',50,34,34,1),
(233,2026,3,21,8,28,'/replays/r000233.mp4',57,113,57,1),
(234,2025,5,26,19,52,'/replays/r000234.mp4',124,145,145,1),
(235,2025,6,16,20,50,'/replays/r000235.mp4',143,113,113,1),
(236,2025,4,2,12,18,'/replays/r000236.mp4',123,83,83,1),
(237,2025,9,19,22,52,'/replays/r000237.mp4',83,129,NULL,1),
(238,2026,1,14,12,57,'/replays/r000238.mp4',57,83,57,1),
(239,2025,9,23,22,19,'/replays/r000239.mp4',136,123,123,1),
(240,2025,10,11,19,57,'/replays/r000240.mp4',129,83,129,1),
(241,2025,4,9,1,3,'/replays/r000241.mp4',117,15,NULL,1),
(242,2025,3,28,7,44,'/replays/r000242.mp4',43,77,NULL,1),
(243,2025,4,9,2,23,'/replays/r000243.mp4',43,136,136,1),
(244,2026,3,6,18,13,'/replays/r000244.mp4',106,97,97,1),
(245,2026,2,1,19,57,'/replays/r000245.mp4',35,129,35,1),
(246,2025,6,22,7,42,'/replays/r000246.mp4',68,50,50,1),
(247,2025,10,2,21,51,'/replays/r000247.mp4',16,78,78,7),
(248,2026,2,17,2,23,'/replays/r000248.mp4',78,16,16,7),
(249,2025,10,9,16,24,'/replays/r000249.mp4',78,16,16,7),
(250,2026,2,17,8,8,'/replays/r000250.mp4',78,16,16,7),
(251,2025,5,9,15,40,'/replays/r000251.mp4',16,39,16,7),
(252,2025,4,29,2,26,'/replays/r000252.mp4',78,16,16,7),
(253,2025,8,5,6,9,'/replays/r000253.mp4',78,39,39,7),
(254,2026,2,10,6,5,'/replays/r000254.mp4',16,39,16,7),
(255,2025,4,16,17,27,'/replays/r000255.mp4',39,78,78,7),
(256,2025,7,15,5,6,'/replays/r000256.mp4',78,39,78,7),
(257,2025,6,12,3,28,'/replays/r000257.mp4',137,96,96,2),
(258,2025,2,21,21,31,'/replays/r000258.mp4',137,104,104,2),
(259,2025,4,22,16,28,'/replays/r000259.mp4',19,139,19,2),
(260,2025,7,8,7,50,'/replays/r000260.mp4',82,48,48,2),
(261,2025,11,22,10,53,'/replays/r000261.mp4',71,139,71,2),
(262,2025,9,30,4,3,'/replays/r000262.mp4',71,104,71,2),
(263,2025,8,3,13,4,'/replays/r000263.mp4',20,53,NULL,2),
(264,2026,4,1,2,31,'/replays/r000264.mp4',48,71,48,2),
(265,2025,4,21,14,41,'/replays/r000265.mp4',133,48,133,2),
(266,2025,1,9,8,44,'/replays/r000266.mp4',133,56,56,2),
(267,2026,2,12,4,33,'/replays/r000267.mp4',133,20,20,2),
(268,2026,1,1,22,6,'/replays/r000268.mp4',20,139,139,2),
(269,2025,4,7,23,38,'/replays/r000269.mp4',53,133,53,2),
(270,2025,4,30,8,44,'/replays/r000270.mp4',96,137,137,2),
(271,2025,9,23,3,43,'/replays/r000271.mp4',20,139,NULL,2),
(272,2025,7,18,9,58,'/replays/r000272.mp4',56,19,56,2),
(273,2026,3,31,8,47,'/replays/r000273.mp4',20,133,133,2),
(274,2026,1,14,12,0,'/replays/r000274.mp4',48,137,137,2),
(275,2025,3,22,0,59,'/replays/r000275.mp4',139,56,139,2),
(276,2026,4,11,7,2,'/replays/r000276.mp4',20,137,137,2),
(277,2026,1,20,2,44,'/replays/r000277.mp4',144,58,144,2),
(278,2025,11,24,12,34,'/replays/r000278.mp4',144,137,NULL,2),
(279,2025,8,6,15,22,'/replays/r000279.mp4',19,133,19,2),
(280,2025,7,15,11,29,'/replays/r000280.mp4',144,137,137,2),
(281,2025,7,15,3,37,'/replays/r000281.mp4',133,96,133,2),
(282,2026,1,13,3,17,'/replays/r000282.mp4',58,20,58,2),
(283,2026,4,5,2,36,'/replays/r000283.mp4',53,104,104,2),
(284,2026,1,14,22,24,'/replays/r000284.mp4',71,133,71,2),
(285,2025,10,25,3,56,'/replays/r000285.mp4',141,127,127,13),
(286,2025,3,18,13,36,'/replays/r000286.mp4',22,127,22,13),
(287,2025,7,5,8,5,'/replays/r000287.mp4',22,141,NULL,13),
(288,2026,4,14,23,45,'/replays/r000288.mp4',127,141,141,13),
(289,2025,1,31,23,8,'/replays/r000289.mp4',141,112,112,13),
(290,2025,12,24,20,52,'/replays/r000290.mp4',127,141,141,13),
(291,2025,12,2,9,17,'/replays/r000291.mp4',22,112,112,13),
(292,2025,1,19,18,5,'/replays/r000292.mp4',22,141,141,13),
(293,2025,11,17,2,55,'/replays/r000293.mp4',127,22,127,13),
(294,2025,7,16,21,50,'/replays/r000294.mp4',22,127,127,13),
(295,2025,7,13,4,7,'/replays/r000295.mp4',62,114,62,15),
(296,2025,9,10,1,20,'/replays/r000296.mp4',62,114,114,15),
(297,2025,5,5,17,39,'/replays/r000297.mp4',62,114,114,15),
(298,2025,9,28,17,14,'/replays/r000298.mp4',27,62,62,15),
(299,2025,9,17,5,47,'/replays/r000299.mp4',27,62,62,15),
(300,2025,8,26,13,10,'/replays/r000300.mp4',62,27,62,15),
(301,2025,9,1,1,19,'/replays/r000301.mp4',27,114,114,15),
(302,2025,10,25,5,58,'/replays/r000302.mp4',114,62,62,15),
(303,2026,1,13,1,16,'/replays/r000303.mp4',27,62,62,15),
(304,2025,10,8,18,9,'/replays/r000304.mp4',62,114,114,15),
(305,2025,3,28,14,8,'/replays/r000305.mp4',33,94,33,5),
(306,2026,3,12,8,12,'/replays/r000306.mp4',33,44,NULL,5),
(307,2025,2,28,23,32,'/replays/r000307.mp4',44,33,44,5),
(308,2026,4,10,10,57,'/replays/r000308.mp4',33,32,33,5),
(309,2025,9,22,5,6,'/replays/r000309.mp4',74,44,74,5),
(310,2025,10,27,5,23,'/replays/r000310.mp4',94,44,94,5),
(311,2025,3,5,20,32,'/replays/r000311.mp4',32,44,44,5),
(312,2025,2,1,16,3,'/replays/r000312.mp4',44,33,44,5),
(313,2025,8,1,15,47,'/replays/r000313.mp4',33,94,94,5),
(314,2025,6,20,1,59,'/replays/r000314.mp4',32,74,32,5),
(315,2025,6,17,17,56,'/replays/r000315.mp4',76,115,76,16),
(316,2025,1,17,3,15,'/replays/r000316.mp4',76,115,76,16),
(317,2026,3,5,3,36,'/replays/r000317.mp4',115,76,115,16),
(318,2026,2,7,18,52,'/replays/r000318.mp4',76,115,76,16),
(319,2025,10,10,16,52,'/replays/r000319.mp4',115,76,76,16),
(320,2025,7,2,7,14,'/replays/r000320.mp4',115,76,115,16),
(321,2025,4,15,11,7,'/replays/r000321.mp4',115,76,115,16),
(322,2026,3,26,16,34,'/replays/r000322.mp4',115,76,76,16),
(323,2026,1,30,3,37,'/replays/r000323.mp4',76,115,NULL,16),
(324,2026,4,15,5,5,'/replays/r000324.mp4',115,76,115,16);
/*!40000 ALTER TABLE `pertarungan` ENABLE KEYS */;
UNLOCK TABLES;
COMMIT;
SET AUTOCOMMIT=@OLD_AUTOCOMMIT;

--
-- Table structure for table `pesan_biasa`
--

DROP TABLE IF EXISTS `pesan_biasa`;
/*!40101 SET @saved_cs_client     = @@character_set_client */;
/*!40101 SET character_set_client = utf8mb4 */;
CREATE TABLE `pesan_biasa` (
  `klan_id` int(11) NOT NULL,
  `urutan_chat` int(11) NOT NULL,
  `teks_pesan` text NOT NULL,
  PRIMARY KEY (`klan_id`,`urutan_chat`),
  CONSTRAINT `1` FOREIGN KEY (`klan_id`, `urutan_chat`) REFERENCES `chat` (`klan_id`, `urutan_chat`) ON DELETE CASCADE
) ENGINE=InnoDB DEFAULT CHARSET=utf8mb4 COLLATE=utf8mb4_unicode_ci;
/*!40101 SET character_set_client = @saved_cs_client */;

--
-- Dumping data for table `pesan_biasa`
--

SET @OLD_AUTOCOMMIT=@@AUTOCOMMIT, @@AUTOCOMMIT=0;
LOCK TABLES `pesan_biasa` WRITE;
/*!40000 ALTER TABLE `pesan_biasa` DISABLE KEYS */;
INSERT INTO `pesan_biasa` VALUES
(1,3,'Siapa yang mau push trophy malam ini?'),
(1,4,'Kita lagi butuh anggota aktif, invite teman kalian!'),
(1,5,'GG semua! Battle tadi seru banget.'),
(1,6,'Selamat bergabung di klan kita!'),
(1,7,'Ada tips buat counter Pasukan Invoker 35?'),
(1,8,'Kita lagi butuh anggota aktif, invite teman kalian!'),
(1,11,'Kalian pakai deck apa buat trophy push?'),
(1,14,'Selamat bergabung di klan kita!'),
(1,15,'Kalian pakai deck apa buat trophy push?'),
(1,17,'Kita lagi butuh anggota aktif, invite teman kalian!'),
(1,19,'Kita lagi butuh anggota aktif, invite teman kalian!'),
(1,20,'Mantap banget tadi menangnya!'),
(1,22,'Mantap banget tadi menangnya!'),
(1,23,'Ada yang mau donasi Sihir Guardian 79 dong?'),
(1,24,'Siapa yang mau push trophy malam ini?'),
(1,25,'Deck Bangunan Blaster 138 recommended buat arena sekarang.'),
(1,27,'Selamat bergabung di klan kita!'),
(1,28,'Ada yang mau donasi Bangunan Blaster 114 dong?'),
(1,30,'Kalian pakai deck apa buat trophy push?'),
(1,34,'Kita lagi butuh anggota aktif, invite teman kalian!'),
(2,1,'Ada yang mau donasi Sihir Crusher 104 dong?'),
(2,3,'Mantap banget tadi menangnya!'),
(2,6,'Ada yang mau donasi Bangunan Ranger 126 dong?'),
(2,7,'Kalian pakai deck apa buat trophy push?'),
(2,8,'Ada turnamen internal besok, siap?'),
(2,11,'Ada tips buat counter Sihir Lancer 78?'),
(2,13,'Mantap banget tadi menangnya!'),
(2,16,'Ada yang mau donasi Goblin dong?'),
(2,19,'Ada yang mau donasi Sihir Lancer 103 dong?'),
(2,20,'Ada tips buat counter Sihir Ranger 67?'),
(2,24,'Ada yang mau donasi Sihir Phantom 102 dong?'),
(2,26,'GG semua! Battle tadi seru banget.'),
(2,27,'Donasi dulu yuk buat persiapan war.'),
(2,28,'Kalian pakai deck apa buat trophy push?'),
(3,1,'Ada yang mau donasi Bangunan Invoker 133 dong?'),
(3,2,'Ada yang mau donasi Pasukan Ranger 59 dong?'),
(3,3,'Deck Electro Wizard recommended buat arena sekarang.'),
(3,4,'Season baru mulai besok, siap semua?'),
(3,6,'Siapa yang mau push trophy malam ini?'),
(3,8,'Jangan lupa upgrade kartu sebelum season baru.'),
(3,9,'Kita lagi butuh anggota aktif, invite teman kalian!'),
(3,10,'GG semua! Battle tadi seru banget.'),
(3,11,'Siapa yang mau push trophy malam ini?'),
(3,13,'Ada yang mau donasi Bangunan Ranger 137 dong?'),
(3,16,'Ada tips buat counter Hog Rider?'),
(3,18,'Kalian pakai deck apa buat trophy push?'),
(3,19,'Season baru mulai besok, siap semua?'),
(3,21,'Season baru mulai besok, siap semua?'),
(3,22,'Donasi dulu yuk buat persiapan war.'),
(3,25,'Deck Bangunan Lancer 139 recommended buat arena sekarang.'),
(4,1,'Ada tips buat counter Sihir Crusher 104?'),
(4,3,'Siapa yang mau push trophy malam ini?'),
(4,4,'Kalian pakai deck apa buat trophy push?'),
(4,5,'Mantap banget tadi menangnya!'),
(4,7,'Jangan lupa upgrade kartu sebelum season baru.'),
(4,8,'Mantap banget tadi menangnya!'),
(4,12,'Siapa yang mau push trophy malam ini?'),
(4,13,'Ada turnamen internal besok, siap?'),
(4,15,'Kita lagi butuh anggota aktif, invite teman kalian!'),
(4,17,'Kita lagi butuh anggota aktif, invite teman kalian!'),
(4,19,'Ada turnamen internal besok, siap?'),
(4,20,'Mantap banget tadi menangnya!'),
(4,21,'Selamat bergabung di klan kita!'),
(4,24,'Kalian pakai deck apa buat trophy push?'),
(4,25,'Season baru mulai besok, siap semua?'),
(4,27,'Kalian pakai deck apa buat trophy push?'),
(4,29,'Kita lagi butuh anggota aktif, invite teman kalian!'),
(4,31,'Mantap banget tadi menangnya!'),
(4,32,'Ada yang mau donasi Pasukan Guardian 43 dong?'),
(4,33,'Kita lagi butuh anggota aktif, invite teman kalian!'),
(4,35,'Selamat bergabung di klan kita!'),
(4,36,'Ada tips buat counter Bangunan Phantom 121?'),
(4,40,'Season baru mulai besok, siap semua?'),
(4,42,'Kita lagi butuh anggota aktif, invite teman kalian!'),
(4,43,'Ada turnamen internal besok, siap?'),
(4,44,'Selamat bergabung di klan kita!'),
(4,45,'Donasi dulu yuk buat persiapan war.'),
(5,2,'Ada yang mau donasi Earthquake dong?'),
(5,3,'Ada tips buat counter Fireball?'),
(5,4,'Selamat bergabung di klan kita!'),
(5,6,'GG semua! Battle tadi seru banget.'),
(5,7,'Kalian pakai deck apa buat trophy push?'),
(5,10,'Mantap banget tadi menangnya!'),
(5,11,'Selamat bergabung di klan kita!'),
(5,12,'Jangan lupa upgrade kartu sebelum season baru.'),
(5,13,'Kita lagi butuh anggota aktif, invite teman kalian!'),
(5,17,'Kita lagi butuh anggota aktif, invite teman kalian!'),
(5,19,'Selamat bergabung di klan kita!'),
(5,20,'Kita lagi butuh anggota aktif, invite teman kalian!'),
(5,24,'Ada turnamen internal besok, siap?'),
(5,25,'Deck Pasukan Crusher 48 recommended buat arena sekarang.'),
(5,26,'Jangan lupa upgrade kartu sebelum season baru.'),
(5,27,'Siapa yang mau push trophy malam ini?'),
(5,28,'Season baru mulai besok, siap semua?'),
(5,29,'Season baru mulai besok, siap semua?'),
(5,31,'Mantap banget tadi menangnya!'),
(5,32,'Jangan lupa upgrade kartu sebelum season baru.'),
(5,34,'Mantap banget tadi menangnya!'),
(5,36,'Ada tips buat counter Sihir Invoker 95?'),
(5,38,'Ada turnamen internal besok, siap?'),
(5,41,'Ada tips buat counter Rocket?'),
(5,42,'Season baru mulai besok, siap semua?'),
(5,45,'Donasi dulu yuk buat persiapan war.'),
(5,46,'Mantap banget tadi menangnya!'),
(6,2,'Ada yang mau donasi Sihir Ranger 76 dong?'),
(6,3,'Ada turnamen internal besok, siap?'),
(6,6,'Jangan lupa upgrade kartu sebelum season baru.'),
(6,7,'GG semua! Battle tadi seru banget.'),
(6,8,'Siapa yang mau push trophy malam ini?'),
(6,9,'Donasi dulu yuk buat persiapan war.'),
(6,10,'Donasi dulu yuk buat persiapan war.'),
(6,11,'Ada yang mau donasi Bangunan Crusher 146 dong?'),
(6,13,'Mantap banget tadi menangnya!'),
(6,14,'Kita lagi butuh anggota aktif, invite teman kalian!'),
(6,15,'Season baru mulai besok, siap semua?'),
(6,16,'Donasi dulu yuk buat persiapan war.'),
(6,17,'Deck Arrows recommended buat arena sekarang.'),
(6,18,'Deck Sihir Ranger 67 recommended buat arena sekarang.'),
(6,20,'Deck Valkyrie recommended buat arena sekarang.'),
(6,22,'Ada yang mau donasi Sihir Phantom 102 dong?'),
(6,23,'Mantap banget tadi menangnya!'),
(6,24,'Deck Balloon recommended buat arena sekarang.'),
(6,25,'Selamat bergabung di klan kita!'),
(6,27,'Donasi dulu yuk buat persiapan war.'),
(6,28,'Kita lagi butuh anggota aktif, invite teman kalian!'),
(6,29,'Ada turnamen internal besok, siap?'),
(6,30,'Jangan lupa upgrade kartu sebelum season baru.'),
(6,33,'Ada tips buat counter Valkyrie?'),
(6,34,'Selamat bergabung di klan kita!'),
(6,36,'Kalian pakai deck apa buat trophy push?'),
(6,37,'Ada yang mau donasi Sihir Phantom 80 dong?'),
(6,45,'Ada tips buat counter Pasukan Ranger 49?'),
(6,46,'Donasi dulu yuk buat persiapan war.'),
(6,48,'GG semua! Battle tadi seru banget.'),
(6,50,'Season baru mulai besok, siap semua?'),
(6,51,'Selamat bergabung di klan kita!'),
(6,52,'Deck Pasukan Blaster 40 recommended buat arena sekarang.'),
(7,1,'Ada tips buat counter Bangunan Guardian 128?'),
(7,2,'Kalian pakai deck apa buat trophy push?'),
(7,4,'Ada yang mau donasi Sihir Fury 69 dong?'),
(7,5,'Ada turnamen internal besok, siap?'),
(7,8,'Season baru mulai besok, siap semua?'),
(7,9,'Selamat bergabung di klan kita!'),
(7,11,'Kita lagi butuh anggota aktif, invite teman kalian!'),
(7,14,'Donasi dulu yuk buat persiapan war.'),
(7,16,'Kalian pakai deck apa buat trophy push?'),
(7,20,'Donasi dulu yuk buat persiapan war.'),
(8,2,'Selamat bergabung di klan kita!'),
(8,4,'Jangan lupa upgrade kartu sebelum season baru.'),
(8,5,'GG semua! Battle tadi seru banget.'),
(8,8,'Kalian pakai deck apa buat trophy push?'),
(8,9,'Ada yang mau donasi Bangunan Ranger 126 dong?'),
(8,10,'Selamat bergabung di klan kita!'),
(8,13,'GG semua! Battle tadi seru banget.'),
(8,15,'Ada yang mau donasi Bangunan Phantom 121 dong?'),
(8,16,'Deck Bangunan Ranger 116 recommended buat arena sekarang.'),
(8,17,'Kalian pakai deck apa buat trophy push?'),
(8,18,'Siapa yang mau push trophy malam ini?'),
(8,20,'Season baru mulai besok, siap semua?'),
(8,21,'Ada yang mau donasi Pasukan Invoker 42 dong?'),
(8,22,'Donasi dulu yuk buat persiapan war.'),
(8,23,'Deck Bangunan Invoker 125 recommended buat arena sekarang.'),
(8,25,'Donasi dulu yuk buat persiapan war.'),
(8,27,'Ada yang mau donasi Bangunan Lancer 145 dong?'),
(8,28,'Ada yang mau donasi Bangunan Invoker 111 dong?'),
(8,29,'Ada yang mau donasi Bangunan Fury 122 dong?'),
(8,30,'GG semua! Battle tadi seru banget.'),
(8,31,'Season baru mulai besok, siap semua?'),
(8,33,'Donasi dulu yuk buat persiapan war.'),
(8,35,'Kalian pakai deck apa buat trophy push?'),
(8,36,'Deck Pasukan Fury 60 recommended buat arena sekarang.'),
(8,37,'Ada yang mau donasi Sihir Phantom 101 dong?'),
(8,38,'GG semua! Battle tadi seru banget.'),
(8,39,'Ada turnamen internal besok, siap?'),
(8,41,'GG semua! Battle tadi seru banget.'),
(8,42,'Ada turnamen internal besok, siap?'),
(8,44,'Kalian pakai deck apa buat trophy push?'),
(8,46,'Ada yang mau donasi Bangunan Invoker 111 dong?'),
(8,47,'Ada tips buat counter Sihir Fury 96?'),
(8,50,'Season baru mulai besok, siap semua?'),
(8,51,'GG semua! Battle tadi seru banget.'),
(8,53,'Jangan lupa upgrade kartu sebelum season baru.'),
(8,56,'Kita lagi butuh anggota aktif, invite teman kalian!'),
(8,60,'Donasi dulu yuk buat persiapan war.'),
(9,1,'Selamat bergabung di klan kita!'),
(9,5,'Selamat bergabung di klan kita!'),
(9,6,'Siapa yang mau push trophy malam ini?'),
(9,7,'Ada tips buat counter Tesla?'),
(9,8,'Season baru mulai besok, siap semua?'),
(9,9,'Mantap banget tadi menangnya!'),
(9,10,'Donasi dulu yuk buat persiapan war.'),
(9,11,'Ada tips buat counter Bangunan Phantom 112?'),
(9,12,'Kita lagi butuh anggota aktif, invite teman kalian!'),
(9,16,'Jangan lupa upgrade kartu sebelum season baru.'),
(9,17,'Ada turnamen internal besok, siap?'),
(9,18,'Siapa yang mau push trophy malam ini?'),
(9,19,'Siapa yang mau push trophy malam ini?'),
(9,20,'Siapa yang mau push trophy malam ini?'),
(9,22,'Deck Sihir Fury 105 recommended buat arena sekarang.'),
(9,24,'Ada tips buat counter Sihir Guardian 79?'),
(9,25,'GG semua! Battle tadi seru banget.'),
(9,26,'Kalian pakai deck apa buat trophy push?'),
(9,27,'Deck Sihir Invoker 70 recommended buat arena sekarang.'),
(9,29,'Season baru mulai besok, siap semua?'),
(9,30,'Kalian pakai deck apa buat trophy push?'),
(9,32,'Selamat bergabung di klan kita!'),
(10,3,'Ada tips buat counter Sihir Sentinel 93?'),
(10,4,'Ada tips buat counter Bangunan Ranger 115?'),
(10,5,'Jangan lupa upgrade kartu sebelum season baru.'),
(10,6,'Deck Pasukan Phantom 44 recommended buat arena sekarang.'),
(10,7,'Ada yang mau donasi Pasukan Invoker 51 dong?'),
(10,8,'GG semua! Battle tadi seru banget.'),
(10,10,'Season baru mulai besok, siap semua?'),
(10,11,'Jangan lupa upgrade kartu sebelum season baru.'),
(10,12,'Mantap banget tadi menangnya!'),
(10,14,'Ada tips buat counter Bangunan Phantom 121?'),
(10,15,'Kalian pakai deck apa buat trophy push?'),
(10,18,'Deck Pasukan Crusher 48 recommended buat arena sekarang.'),
(10,20,'Ada tips buat counter Hog Rider?'),
(10,21,'Siapa yang mau push trophy malam ini?'),
(10,23,'Selamat bergabung di klan kita!'),
(10,25,'Mantap banget tadi menangnya!'),
(10,26,'Mantap banget tadi menangnya!'),
(10,27,'Selamat bergabung di klan kita!'),
(10,28,'Siapa yang mau push trophy malam ini?'),
(10,29,'Deck Balloon recommended buat arena sekarang.'),
(10,31,'Kita lagi butuh anggota aktif, invite teman kalian!'),
(10,32,'Deck Witch recommended buat arena sekarang.'),
(10,33,'Donasi dulu yuk buat persiapan war.'),
(10,34,'Deck Witch recommended buat arena sekarang.'),
(10,35,'Selamat bergabung di klan kita!'),
(10,37,'Donasi dulu yuk buat persiapan war.'),
(10,38,'Season baru mulai besok, siap semua?'),
(11,1,'Mantap banget tadi menangnya!'),
(11,3,'Siapa yang mau push trophy malam ini?'),
(11,4,'Jangan lupa upgrade kartu sebelum season baru.'),
(11,5,'Kita lagi butuh anggota aktif, invite teman kalian!'),
(11,6,'Kita lagi butuh anggota aktif, invite teman kalian!'),
(11,7,'Kalian pakai deck apa buat trophy push?'),
(11,10,'GG semua! Battle tadi seru banget.'),
(11,11,'Ada yang mau donasi Valkyrie dong?'),
(11,14,'Siapa yang mau push trophy malam ini?'),
(11,19,'Donasi dulu yuk buat persiapan war.'),
(11,21,'Mantap banget tadi menangnya!'),
(11,23,'Mantap banget tadi menangnya!'),
(11,26,'Jangan lupa upgrade kartu sebelum season baru.'),
(11,27,'Donasi dulu yuk buat persiapan war.'),
(11,29,'Ada yang mau donasi Bangunan Fury 122 dong?'),
(11,30,'Season baru mulai besok, siap semua?'),
(11,31,'Ada tips buat counter Sihir Crusher 104?'),
(11,32,'Kita lagi butuh anggota aktif, invite teman kalian!'),
(11,33,'GG semua! Battle tadi seru banget.'),
(11,34,'Siapa yang mau push trophy malam ini?'),
(11,36,'Jangan lupa upgrade kartu sebelum season baru.'),
(11,38,'Kalian pakai deck apa buat trophy push?'),
(11,40,'Kalian pakai deck apa buat trophy push?'),
(11,41,'Season baru mulai besok, siap semua?'),
(12,1,'Ada tips buat counter Sihir Lancer 103?'),
(12,3,'Selamat bergabung di klan kita!'),
(12,4,'Siapa yang mau push trophy malam ini?'),
(12,5,'Jangan lupa upgrade kartu sebelum season baru.'),
(12,7,'Selamat bergabung di klan kita!'),
(12,9,'Deck Sihir Phantom 101 recommended buat arena sekarang.'),
(12,10,'Ada tips buat counter Sihir Ranger 65?'),
(12,11,'Ada turnamen internal besok, siap?'),
(12,12,'Selamat bergabung di klan kita!'),
(12,15,'Deck Pasukan Fury 36 recommended buat arena sekarang.'),
(12,16,'Deck Sihir Guardian 72 recommended buat arena sekarang.'),
(12,17,'Donasi dulu yuk buat persiapan war.'),
(12,19,'Deck Bangunan Ranger 129 recommended buat arena sekarang.'),
(12,20,'Jangan lupa upgrade kartu sebelum season baru.'),
(12,22,'Season baru mulai besok, siap semua?'),
(12,23,'Ada turnamen internal besok, siap?'),
(12,24,'Ada tips buat counter Witch?'),
(12,25,'Season baru mulai besok, siap semua?'),
(12,26,'Kalian pakai deck apa buat trophy push?'),
(12,27,'Deck Balloon recommended buat arena sekarang.'),
(12,28,'Ada yang mau donasi Sihir Sentinel 68 dong?'),
(12,29,'Deck Bangunan Ranger 116 recommended buat arena sekarang.'),
(12,30,'Ada turnamen internal besok, siap?'),
(12,31,'Ada tips buat counter Bangunan Lancer 140?'),
(12,33,'Deck Bangunan Blaster 149 recommended buat arena sekarang.'),
(12,34,'Deck Bomb Tower recommended buat arena sekarang.'),
(12,36,'GG semua! Battle tadi seru banget.'),
(12,38,'Donasi dulu yuk buat persiapan war.'),
(12,39,'Deck Bangunan Phantom 110 recommended buat arena sekarang.'),
(12,40,'Jangan lupa upgrade kartu sebelum season baru.'),
(12,44,'Season baru mulai besok, siap semua?'),
(12,45,'Ada turnamen internal besok, siap?'),
(12,47,'Selamat bergabung di klan kita!'),
(13,1,'Deck Bangunan Ranger 137 recommended buat arena sekarang.'),
(13,2,'Ada turnamen internal besok, siap?'),
(13,7,'Kita lagi butuh anggota aktif, invite teman kalian!'),
(13,9,'Kalian pakai deck apa buat trophy push?'),
(13,10,'Mantap banget tadi menangnya!'),
(13,12,'Jangan lupa upgrade kartu sebelum season baru.'),
(13,13,'Donasi dulu yuk buat persiapan war.'),
(13,17,'Siapa yang mau push trophy malam ini?'),
(13,18,'Ada turnamen internal besok, siap?'),
(13,25,'Ada yang mau donasi Bangunan Crusher 123 dong?'),
(13,26,'Jangan lupa upgrade kartu sebelum season baru.'),
(13,28,'Selamat bergabung di klan kita!'),
(13,29,'Siapa yang mau push trophy malam ini?'),
(13,30,'Jangan lupa upgrade kartu sebelum season baru.'),
(14,1,'Ada yang mau donasi Pasukan Fury 61 dong?'),
(14,3,'Kalian pakai deck apa buat trophy push?'),
(14,4,'Kalian pakai deck apa buat trophy push?'),
(14,5,'Ada yang mau donasi Bangunan Guardian 128 dong?'),
(14,6,'Selamat bergabung di klan kita!'),
(14,7,'GG semua! Battle tadi seru banget.'),
(14,8,'Deck Valkyrie recommended buat arena sekarang.'),
(14,10,'Kalian pakai deck apa buat trophy push?'),
(14,12,'Siapa yang mau push trophy malam ini?'),
(14,15,'Deck Sihir Blaster 91 recommended buat arena sekarang.'),
(14,16,'Ada tips buat counter Sihir Lancer 71?'),
(14,17,'Siapa yang mau push trophy malam ini?'),
(14,20,'Season baru mulai besok, siap semua?'),
(14,21,'Jangan lupa upgrade kartu sebelum season baru.'),
(14,22,'Season baru mulai besok, siap semua?'),
(14,23,'Season baru mulai besok, siap semua?'),
(14,26,'Mantap banget tadi menangnya!'),
(14,27,'Ada turnamen internal besok, siap?'),
(14,28,'GG semua! Battle tadi seru banget.'),
(14,29,'Ada turnamen internal besok, siap?'),
(14,31,'Kita lagi butuh anggota aktif, invite teman kalian!'),
(14,32,'Ada yang mau donasi Sihir Ranger 88 dong?'),
(14,33,'Selamat bergabung di klan kita!'),
(14,36,'Deck Pasukan Invoker 51 recommended buat arena sekarang.'),
(14,38,'Ada tips buat counter Pasukan Ranger 59?'),
(14,40,'Deck Wizard recommended buat arena sekarang.'),
(14,41,'GG semua! Battle tadi seru banget.'),
(14,42,'Deck Pasukan Invoker 35 recommended buat arena sekarang.'),
(14,43,'Ada yang mau donasi Rocket dong?'),
(14,48,'Season baru mulai besok, siap semua?'),
(14,50,'Jangan lupa upgrade kartu sebelum season baru.'),
(14,52,'Donasi dulu yuk buat persiapan war.'),
(14,55,'Season baru mulai besok, siap semua?'),
(14,56,'Ada yang mau donasi Pasukan Invoker 35 dong?'),
(15,1,'Donasi dulu yuk buat persiapan war.'),
(15,3,'Mantap banget tadi menangnya!'),
(15,4,'Deck Pasukan Drifter 41 recommended buat arena sekarang.'),
(15,5,'Deck Bangunan Phantom 112 recommended buat arena sekarang.'),
(15,6,'Selamat bergabung di klan kita!'),
(15,8,'Donasi dulu yuk buat persiapan war.'),
(15,10,'Kalian pakai deck apa buat trophy push?'),
(15,11,'Ada tips buat counter Sihir Ranger 76?'),
(15,16,'Mantap banget tadi menangnya!'),
(15,17,'Mantap banget tadi menangnya!'),
(15,19,'GG semua! Battle tadi seru banget.'),
(15,20,'Siapa yang mau push trophy malam ini?'),
(15,21,'Siapa yang mau push trophy malam ini?'),
(15,22,'GG semua! Battle tadi seru banget.'),
(15,23,'Season baru mulai besok, siap semua?'),
(15,26,'GG semua! Battle tadi seru banget.'),
(15,27,'Season baru mulai besok, siap semua?'),
(16,1,'Selamat bergabung di klan kita!'),
(16,2,'Ada turnamen internal besok, siap?'),
(16,6,'Kita lagi butuh anggota aktif, invite teman kalian!'),
(16,7,'Season baru mulai besok, siap semua?'),
(16,8,'Donasi dulu yuk buat persiapan war.'),
(16,9,'GG semua! Battle tadi seru banget.'),
(16,10,'Ada tips buat counter Pasukan Phantom 39?'),
(16,11,'Siapa yang mau push trophy malam ini?'),
(16,12,'Kita lagi butuh anggota aktif, invite teman kalian!'),
(16,13,'Ada turnamen internal besok, siap?'),
(16,15,'Deck Pasukan Phantom 54 recommended buat arena sekarang.'),
(16,18,'Ada yang mau donasi Dark Prince dong?'),
(16,20,'Mantap banget tadi menangnya!'),
(16,21,'Donasi dulu yuk buat persiapan war.'),
(16,23,'Mantap banget tadi menangnya!'),
(16,24,'Siapa yang mau push trophy malam ini?'),
(16,25,'Kalian pakai deck apa buat trophy push?'),
(16,27,'Ada tips buat counter Pasukan Lancer 63?'),
(16,28,'Ada tips buat counter Bangunan Fury 136?'),
(16,29,'GG semua! Battle tadi seru banget.'),
(16,32,'Selamat bergabung di klan kita!'),
(16,33,'Jangan lupa upgrade kartu sebelum season baru.'),
(16,36,'Ada turnamen internal besok, siap?'),
(16,37,'Selamat bergabung di klan kita!'),
(16,38,'Kita lagi butuh anggota aktif, invite teman kalian!'),
(16,39,'Donasi dulu yuk buat persiapan war.'),
(16,40,'Jangan lupa upgrade kartu sebelum season baru.'),
(16,42,'Selamat bergabung di klan kita!'),
(16,45,'Deck Pasukan Invoker 51 recommended buat arena sekarang.'),
(16,47,'Deck Sihir Fury 83 recommended buat arena sekarang.'),
(16,50,'Ada tips buat counter Bangunan Ranger 129?'),
(16,52,'Ada turnamen internal besok, siap?'),
(16,53,'GG semua! Battle tadi seru banget.'),
(17,1,'Jangan lupa upgrade kartu sebelum season baru.'),
(17,2,'Ada yang mau donasi Bangunan Sentinel 107 dong?'),
(17,3,'Siapa yang mau push trophy malam ini?'),
(17,4,'Ada turnamen internal besok, siap?'),
(17,6,'Ada tips buat counter Pasukan Fury 60?'),
(17,8,'Deck Pasukan Drifter 41 recommended buat arena sekarang.'),
(17,9,'Kita lagi butuh anggota aktif, invite teman kalian!'),
(17,10,'Ada yang mau donasi Sihir Sentinel 66 dong?'),
(17,11,'Selamat bergabung di klan kita!'),
(17,13,'Mantap banget tadi menangnya!'),
(17,16,'Ada turnamen internal besok, siap?'),
(17,17,'GG semua! Battle tadi seru banget.'),
(17,18,'Ada turnamen internal besok, siap?'),
(17,20,'Kalian pakai deck apa buat trophy push?'),
(17,22,'Jangan lupa upgrade kartu sebelum season baru.'),
(17,23,'Mantap banget tadi menangnya!'),
(17,25,'Selamat bergabung di klan kita!'),
(17,26,'Donasi dulu yuk buat persiapan war.'),
(17,29,'Kalian pakai deck apa buat trophy push?'),
(17,30,'Ada yang mau donasi Pasukan Lancer 47 dong?'),
(17,31,'Ada tips buat counter Pasukan Guardian 43?'),
(17,34,'Deck Bangunan Crusher 146 recommended buat arena sekarang.'),
(17,35,'Ada yang mau donasi Sihir Ranger 76 dong?'),
(18,2,'Jangan lupa upgrade kartu sebelum season baru.'),
(18,3,'Ada yang mau donasi Bangunan Sentinel 144 dong?'),
(18,6,'Jangan lupa upgrade kartu sebelum season baru.'),
(18,11,'Ada tips buat counter Pasukan Phantom 38?'),
(18,13,'Kita lagi butuh anggota aktif, invite teman kalian!'),
(18,15,'Ada turnamen internal besok, siap?'),
(18,16,'Ada turnamen internal besok, siap?'),
(18,18,'Mantap banget tadi menangnya!'),
(18,20,'Ada tips buat counter Bangunan Invoker 132?'),
(18,21,'GG semua! Battle tadi seru banget.'),
(18,22,'Donasi dulu yuk buat persiapan war.'),
(18,23,'Ada yang mau donasi Musketeer dong?'),
(18,24,'GG semua! Battle tadi seru banget.'),
(18,25,'Ada yang mau donasi Sihir Fury 83 dong?'),
(18,28,'Season baru mulai besok, siap semua?'),
(18,29,'Ada yang mau donasi Pasukan Invoker 42 dong?'),
(18,31,'Selamat bergabung di klan kita!'),
(18,33,'Donasi dulu yuk buat persiapan war.'),
(18,35,'Kita lagi butuh anggota aktif, invite teman kalian!'),
(18,36,'GG semua! Battle tadi seru banget.'),
(18,39,'Ada turnamen internal besok, siap?'),
(18,41,'Ada tips buat counter Sihir Sentinel 89?'),
(18,42,'Donasi dulu yuk buat persiapan war.'),
(18,43,'Selamat bergabung di klan kita!'),
(18,44,'Ada tips buat counter Pasukan Sentinel 37?'),
(18,45,'Ada tips buat counter Rocket?'),
(18,49,'Donasi dulu yuk buat persiapan war.'),
(18,52,'Selamat bergabung di klan kita!'),
(19,1,'Deck Bangunan Phantom 110 recommended buat arena sekarang.'),
(19,3,'Deck Sihir Drifter 87 recommended buat arena sekarang.'),
(19,5,'Ada tips buat counter Bangunan Phantom 110?'),
(19,6,'Ada tips buat counter Mega Minion?'),
(19,8,'GG semua! Battle tadi seru banget.'),
(19,9,'Kita lagi butuh anggota aktif, invite teman kalian!'),
(19,10,'Donasi dulu yuk buat persiapan war.'),
(19,11,'Mantap banget tadi menangnya!'),
(19,13,'GG semua! Battle tadi seru banget.'),
(19,14,'Season baru mulai besok, siap semua?'),
(19,15,'Ada turnamen internal besok, siap?'),
(19,16,'Jangan lupa upgrade kartu sebelum season baru.'),
(19,20,'Donasi dulu yuk buat persiapan war.'),
(19,22,'Donasi dulu yuk buat persiapan war.'),
(19,23,'Mantap banget tadi menangnya!'),
(19,25,'Ada tips buat counter Bangunan Lancer 140?'),
(19,26,'Ada turnamen internal besok, siap?'),
(19,27,'Jangan lupa upgrade kartu sebelum season baru.'),
(19,29,'Season baru mulai besok, siap semua?'),
(19,30,'Ada tips buat counter Bangunan Phantom 148?'),
(19,32,'Selamat bergabung di klan kita!'),
(19,33,'Ada yang mau donasi Bangunan Invoker 135 dong?'),
(19,37,'Siapa yang mau push trophy malam ini?'),
(19,38,'Kita lagi butuh anggota aktif, invite teman kalian!'),
(19,39,'Ada tips buat counter Bangunan Invoker 135?'),
(19,40,'Kita lagi butuh anggota aktif, invite teman kalian!'),
(19,41,'Donasi dulu yuk buat persiapan war.'),
(19,43,'GG semua! Battle tadi seru banget.'),
(19,44,'Donasi dulu yuk buat persiapan war.'),
(19,45,'Selamat bergabung di klan kita!'),
(19,47,'Selamat bergabung di klan kita!'),
(19,48,'GG semua! Battle tadi seru banget.'),
(19,49,'Kita lagi butuh anggota aktif, invite teman kalian!'),
(20,2,'Donasi dulu yuk buat persiapan war.'),
(20,3,'Season baru mulai besok, siap semua?'),
(20,4,'Mantap banget tadi menangnya!'),
(20,5,'GG semua! Battle tadi seru banget.'),
(20,6,'Kita lagi butuh anggota aktif, invite teman kalian!'),
(20,7,'Deck Sihir Guardian 84 recommended buat arena sekarang.'),
(20,9,'GG semua! Battle tadi seru banget.'),
(20,10,'Ada yang mau donasi Sihir Sentinel 82 dong?'),
(20,11,'Selamat bergabung di klan kita!'),
(20,13,'GG semua! Battle tadi seru banget.'),
(20,14,'Kalian pakai deck apa buat trophy push?'),
(20,15,'Siapa yang mau push trophy malam ini?'),
(20,16,'Ada tips buat counter Sihir Phantom 90?'),
(20,19,'Jangan lupa upgrade kartu sebelum season baru.'),
(20,20,'Mantap banget tadi menangnya!'),
(20,21,'Selamat bergabung di klan kita!'),
(20,23,'Jangan lupa upgrade kartu sebelum season baru.'),
(20,29,'Kita lagi butuh anggota aktif, invite teman kalian!'),
(20,30,'Donasi dulu yuk buat persiapan war.'),
(20,32,'Mantap banget tadi menangnya!'),
(20,33,'Siapa yang mau push trophy malam ini?'),
(20,34,'Selamat bergabung di klan kita!'),
(20,35,'Siapa yang mau push trophy malam ini?'),
(20,41,'Selamat bergabung di klan kita!'),
(20,42,'Jangan lupa upgrade kartu sebelum season baru.'),
(20,43,'Season baru mulai besok, siap semua?'),
(20,44,'Ada tips buat counter Bangunan Phantom 121?'),
(20,46,'Selamat bergabung di klan kita!'),
(20,49,'Ada tips buat counter Bangunan Drifter 117?'),
(20,52,'Deck Pasukan Crusher 56 recommended buat arena sekarang.'),
(20,54,'Kalian pakai deck apa buat trophy push?'),
(20,57,'Deck Pasukan Sentinel 37 recommended buat arena sekarang.'),
(20,59,'Jangan lupa upgrade kartu sebelum season baru.'),
(21,1,'Selamat bergabung di klan kita!'),
(21,2,'Jangan lupa upgrade kartu sebelum season baru.'),
(21,3,'Jangan lupa upgrade kartu sebelum season baru.'),
(21,6,'GG semua! Battle tadi seru banget.'),
(21,7,'Ada turnamen internal besok, siap?'),
(21,9,'Mantap banget tadi menangnya!'),
(21,10,'Siapa yang mau push trophy malam ini?'),
(21,11,'Mantap banget tadi menangnya!'),
(21,12,'Jangan lupa upgrade kartu sebelum season baru.'),
(21,13,'Mantap banget tadi menangnya!'),
(21,16,'Donasi dulu yuk buat persiapan war.'),
(21,20,'Deck Pasukan Invoker 42 recommended buat arena sekarang.'),
(21,24,'Deck Bangunan Ranger 131 recommended buat arena sekarang.'),
(21,27,'Siapa yang mau push trophy malam ini?'),
(21,29,'Ada tips buat counter Bangunan Sentinel 118?'),
(21,30,'GG semua! Battle tadi seru banget.'),
(21,31,'Siapa yang mau push trophy malam ini?'),
(21,35,'Kita lagi butuh anggota aktif, invite teman kalian!'),
(21,36,'Season baru mulai besok, siap semua?'),
(22,1,'Ada turnamen internal besok, siap?'),
(22,4,'Kalian pakai deck apa buat trophy push?'),
(22,7,'Ada turnamen internal besok, siap?'),
(22,8,'Ada turnamen internal besok, siap?'),
(22,10,'Mantap banget tadi menangnya!'),
(22,11,'Ada turnamen internal besok, siap?'),
(22,13,'Ada yang mau donasi Bangunan Phantom 124 dong?'),
(22,14,'Season baru mulai besok, siap semua?'),
(22,15,'Siapa yang mau push trophy malam ini?'),
(22,16,'Ada tips buat counter Lightning?'),
(22,17,'Siapa yang mau push trophy malam ini?'),
(22,18,'Kita lagi butuh anggota aktif, invite teman kalian!'),
(22,20,'Ada yang mau donasi Sihir Sentinel 74 dong?'),
(22,21,'Ada tips buat counter Sihir Sentinel 93?'),
(22,24,'Siapa yang mau push trophy malam ini?'),
(22,25,'Siapa yang mau push trophy malam ini?'),
(22,26,'Ada yang mau donasi Cannon dong?'),
(22,28,'Mantap banget tadi menangnya!'),
(22,29,'Ada turnamen internal besok, siap?'),
(22,30,'Ada yang mau donasi Bangunan Invoker 133 dong?'),
(22,31,'Season baru mulai besok, siap semua?'),
(22,32,'Kita lagi butuh anggota aktif, invite teman kalian!'),
(22,33,'Mantap banget tadi menangnya!'),
(22,34,'Ada yang mau donasi Pasukan Fury 64 dong?'),
(22,35,'Jangan lupa upgrade kartu sebelum season baru.'),
(22,37,'Ada yang mau donasi Pasukan Invoker 51 dong?'),
(22,38,'Mantap banget tadi menangnya!'),
(23,1,'Kalian pakai deck apa buat trophy push?'),
(23,2,'Mantap banget tadi menangnya!'),
(23,3,'Kalian pakai deck apa buat trophy push?'),
(23,5,'GG semua! Battle tadi seru banget.'),
(23,6,'Siapa yang mau push trophy malam ini?'),
(23,7,'Ada tips buat counter Sihir Fury 69?'),
(23,8,'Donasi dulu yuk buat persiapan war.'),
(23,10,'Ada yang mau donasi Sihir Ranger 65 dong?'),
(23,11,'Ada turnamen internal besok, siap?'),
(23,13,'Donasi dulu yuk buat persiapan war.'),
(23,15,'Ada tips buat counter Bangunan Guardian 128?'),
(23,18,'GG semua! Battle tadi seru banget.'),
(23,19,'Season baru mulai besok, siap semua?'),
(23,20,'Siapa yang mau push trophy malam ini?'),
(23,21,'Donasi dulu yuk buat persiapan war.'),
(23,22,'Kalian pakai deck apa buat trophy push?'),
(23,23,'Siapa yang mau push trophy malam ini?'),
(23,24,'Ada yang mau donasi Bangunan Blaster 120 dong?'),
(23,30,'Donasi dulu yuk buat persiapan war.'),
(23,32,'Season baru mulai besok, siap semua?'),
(23,33,'Kalian pakai deck apa buat trophy push?'),
(23,34,'Mantap banget tadi menangnya!'),
(23,36,'Donasi dulu yuk buat persiapan war.'),
(23,38,'Ada turnamen internal besok, siap?'),
(23,39,'Donasi dulu yuk buat persiapan war.'),
(23,40,'Mantap banget tadi menangnya!'),
(23,42,'Deck Sihir Blaster 91 recommended buat arena sekarang.'),
(23,44,'Season baru mulai besok, siap semua?'),
(23,45,'Mantap banget tadi menangnya!'),
(23,49,'Deck Bangunan Lancer 140 recommended buat arena sekarang.'),
(23,50,'Season baru mulai besok, siap semua?'),
(23,51,'Siapa yang mau push trophy malam ini?'),
(23,52,'Kita lagi butuh anggota aktif, invite teman kalian!'),
(23,53,'Siapa yang mau push trophy malam ini?'),
(24,1,'Selamat bergabung di klan kita!'),
(24,2,'Siapa yang mau push trophy malam ini?'),
(24,3,'Season baru mulai besok, siap semua?'),
(24,4,'GG semua! Battle tadi seru banget.'),
(24,5,'Kalian pakai deck apa buat trophy push?'),
(24,7,'Selamat bergabung di klan kita!'),
(24,8,'Ada yang mau donasi Pasukan Fury 64 dong?'),
(24,9,'Ada tips buat counter Rocket?'),
(24,11,'Kalian pakai deck apa buat trophy push?'),
(24,12,'Deck Minions recommended buat arena sekarang.'),
(24,13,'Ada tips buat counter Bangunan Crusher 146?'),
(24,14,'Selamat bergabung di klan kita!'),
(24,15,'Kalian pakai deck apa buat trophy push?'),
(24,16,'Ada tips buat counter Knight?'),
(24,17,'GG semua! Battle tadi seru banget.'),
(24,18,'Ada turnamen internal besok, siap?'),
(24,20,'Kalian pakai deck apa buat trophy push?'),
(25,1,'Mantap banget tadi menangnya!'),
(25,2,'Kita lagi butuh anggota aktif, invite teman kalian!'),
(25,3,'Ada turnamen internal besok, siap?'),
(25,4,'Selamat bergabung di klan kita!'),
(25,7,'Donasi dulu yuk buat persiapan war.'),
(25,9,'Ada tips buat counter Pasukan Fury 64?'),
(25,10,'Kita lagi butuh anggota aktif, invite teman kalian!'),
(25,11,'Ada yang mau donasi Bangunan Invoker 125 dong?'),
(25,12,'Jangan lupa upgrade kartu sebelum season baru.'),
(25,13,'Jangan lupa upgrade kartu sebelum season baru.'),
(25,14,'Ada tips buat counter Sihir Crusher 97?'),
(25,16,'Jangan lupa upgrade kartu sebelum season baru.'),
(25,18,'Kita lagi butuh anggota aktif, invite teman kalian!'),
(25,19,'Ada turnamen internal besok, siap?'),
(25,20,'Ada turnamen internal besok, siap?'),
(25,21,'Jangan lupa upgrade kartu sebelum season baru.'),
(25,26,'Jangan lupa upgrade kartu sebelum season baru.'),
(25,27,'Selamat bergabung di klan kita!'),
(25,28,'Kalian pakai deck apa buat trophy push?'),
(25,29,'Siapa yang mau push trophy malam ini?'),
(25,30,'Jangan lupa upgrade kartu sebelum season baru.'),
(25,31,'Ada yang mau donasi Bangunan Blaster 138 dong?'),
(25,32,'Season baru mulai besok, siap semua?'),
(25,33,'Siapa yang mau push trophy malam ini?'),
(26,1,'Siapa yang mau push trophy malam ini?'),
(26,2,'Selamat bergabung di klan kita!'),
(26,3,'Selamat bergabung di klan kita!'),
(26,4,'Kita lagi butuh anggota aktif, invite teman kalian!'),
(26,6,'Selamat bergabung di klan kita!'),
(26,7,'Kita lagi butuh anggota aktif, invite teman kalian!'),
(26,8,'Jangan lupa upgrade kartu sebelum season baru.'),
(26,9,'Kita lagi butuh anggota aktif, invite teman kalian!'),
(26,11,'Jangan lupa upgrade kartu sebelum season baru.'),
(26,14,'Mantap banget tadi menangnya!'),
(26,16,'Kalian pakai deck apa buat trophy push?'),
(26,18,'Kita lagi butuh anggota aktif, invite teman kalian!'),
(26,20,'Mantap banget tadi menangnya!'),
(26,21,'Jangan lupa upgrade kartu sebelum season baru.'),
(26,22,'Jangan lupa upgrade kartu sebelum season baru.'),
(26,24,'Deck Bangunan Ranger 137 recommended buat arena sekarang.'),
(26,25,'Season baru mulai besok, siap semua?'),
(26,27,'Season baru mulai besok, siap semua?'),
(26,29,'Ada turnamen internal besok, siap?'),
(27,1,'Donasi dulu yuk buat persiapan war.'),
(27,2,'Ada turnamen internal besok, siap?'),
(27,3,'Selamat bergabung di klan kita!'),
(27,4,'Mantap banget tadi menangnya!'),
(27,5,'Deck Bangunan Drifter 134 recommended buat arena sekarang.'),
(27,7,'Kalian pakai deck apa buat trophy push?'),
(27,8,'Ada yang mau donasi Bangunan Invoker 132 dong?'),
(27,9,'GG semua! Battle tadi seru banget.'),
(27,10,'Ada yang mau donasi Knight dong?'),
(27,11,'Ada tips buat counter Bangunan Phantom 112?'),
(27,13,'Jangan lupa upgrade kartu sebelum season baru.'),
(27,14,'Jangan lupa upgrade kartu sebelum season baru.'),
(27,16,'Ada turnamen internal besok, siap?'),
(27,17,'Donasi dulu yuk buat persiapan war.'),
(27,18,'Kalian pakai deck apa buat trophy push?'),
(27,19,'Selamat bergabung di klan kita!'),
(27,23,'Ada tips buat counter Sihir Invoker 100?'),
(27,24,'Kita lagi butuh anggota aktif, invite teman kalian!'),
(27,28,'Kita lagi butuh anggota aktif, invite teman kalian!'),
(27,29,'Jangan lupa upgrade kartu sebelum season baru.'),
(27,30,'Kalian pakai deck apa buat trophy push?'),
(27,31,'Ada turnamen internal besok, siap?'),
(27,32,'Mantap banget tadi menangnya!'),
(27,33,'Ada turnamen internal besok, siap?'),
(27,34,'Siapa yang mau push trophy malam ini?'),
(27,37,'Season baru mulai besok, siap semua?'),
(27,38,'Mantap banget tadi menangnya!'),
(27,39,'GG semua! Battle tadi seru banget.'),
(27,40,'GG semua! Battle tadi seru banget.'),
(27,41,'Donasi dulu yuk buat persiapan war.'),
(27,42,'Ada turnamen internal besok, siap?'),
(27,43,'Siapa yang mau push trophy malam ini?'),
(27,45,'Siapa yang mau push trophy malam ini?'),
(27,46,'Season baru mulai besok, siap semua?'),
(27,50,'Siapa yang mau push trophy malam ini?'),
(27,51,'Selamat bergabung di klan kita!'),
(27,52,'Deck Sihir Lancer 103 recommended buat arena sekarang.'),
(27,53,'Season baru mulai besok, siap semua?'),
(27,55,'Kalian pakai deck apa buat trophy push?'),
(27,56,'Season baru mulai besok, siap semua?'),
(28,1,'Ada turnamen internal besok, siap?'),
(28,2,'Ada turnamen internal besok, siap?'),
(28,4,'Kalian pakai deck apa buat trophy push?'),
(28,6,'Selamat bergabung di klan kita!'),
(28,7,'Ada yang mau donasi Bangunan Lancer 113 dong?'),
(28,8,'Season baru mulai besok, siap semua?'),
(28,9,'Ada yang mau donasi Goblin dong?'),
(28,11,'Selamat bergabung di klan kita!'),
(28,13,'Kalian pakai deck apa buat trophy push?'),
(28,14,'Jangan lupa upgrade kartu sebelum season baru.'),
(28,15,'Kalian pakai deck apa buat trophy push?'),
(28,17,'Ada yang mau donasi Lumberjack dong?'),
(28,18,'Ada turnamen internal besok, siap?'),
(28,19,'GG semua! Battle tadi seru banget.'),
(28,20,'Season baru mulai besok, siap semua?'),
(28,22,'Jangan lupa upgrade kartu sebelum season baru.'),
(28,23,'Season baru mulai besok, siap semua?'),
(28,24,'Jangan lupa upgrade kartu sebelum season baru.'),
(28,25,'Siapa yang mau push trophy malam ini?'),
(29,2,'Kita lagi butuh anggota aktif, invite teman kalian!'),
(29,4,'Kita lagi butuh anggota aktif, invite teman kalian!'),
(29,11,'Selamat bergabung di klan kita!'),
(29,12,'Siapa yang mau push trophy malam ini?'),
(29,16,'Ada yang mau donasi Mega Minion dong?'),
(29,18,'Selamat bergabung di klan kita!'),
(29,20,'Ada yang mau donasi Sihir Drifter 87 dong?'),
(29,21,'GG semua! Battle tadi seru banget.'),
(29,24,'Jangan lupa upgrade kartu sebelum season baru.'),
(29,26,'Siapa yang mau push trophy malam ini?'),
(29,27,'Kalian pakai deck apa buat trophy push?'),
(29,28,'Donasi dulu yuk buat persiapan war.'),
(29,32,'Ada yang mau donasi Minions dong?'),
(29,33,'Ada yang mau donasi Bangunan Phantom 148 dong?'),
(29,34,'Ada yang mau donasi Bangunan Guardian 141 dong?'),
(29,35,'Season baru mulai besok, siap semua?'),
(29,39,'Season baru mulai besok, siap semua?'),
(30,1,'Ada yang mau donasi Sihir Phantom 90 dong?'),
(30,2,'Kita lagi butuh anggota aktif, invite teman kalian!'),
(30,4,'Kalian pakai deck apa buat trophy push?'),
(30,6,'GG semua! Battle tadi seru banget.'),
(30,7,'Donasi dulu yuk buat persiapan war.'),
(30,8,'Mantap banget tadi menangnya!'),
(30,9,'Siapa yang mau push trophy malam ini?'),
(30,10,'Deck Bangunan Blaster 114 recommended buat arena sekarang.'),
(30,12,'Mantap banget tadi menangnya!'),
(30,13,'Siapa yang mau push trophy malam ini?'),
(30,14,'Jangan lupa upgrade kartu sebelum season baru.'),
(30,15,'Ada tips buat counter Pasukan Fury 62?'),
(30,17,'Jangan lupa upgrade kartu sebelum season baru.'),
(30,19,'Siapa yang mau push trophy malam ini?'),
(30,20,'Ada tips buat counter Pasukan Ranger 49?'),
(30,21,'GG semua! Battle tadi seru banget.'),
(30,25,'GG semua! Battle tadi seru banget.'),
(30,27,'Ada tips buat counter Rocket?'),
(30,28,'Ada turnamen internal besok, siap?'),
(30,29,'GG semua! Battle tadi seru banget.'),
(30,33,'Siapa yang mau push trophy malam ini?'),
(30,35,'Ada yang mau donasi Pasukan Blaster 40 dong?'),
(30,36,'Jangan lupa upgrade kartu sebelum season baru.'),
(30,40,'Ada yang mau donasi Pasukan Phantom 54 dong?');
/*!40000 ALTER TABLE `pesan_biasa` ENABLE KEYS */;
UNLOCK TABLES;
COMMIT;
SET AUTOCOMMIT=@OLD_AUTOCOMMIT;

--
-- Table structure for table `rarity_stats`
--

DROP TABLE IF EXISTS `rarity_stats`;
/*!40101 SET @saved_cs_client     = @@character_set_client */;
/*!40101 SET character_set_client = utf8mb4 */;
CREATE TABLE `rarity_stats` (
  `rarity` varchar(20) NOT NULL,
  `max_terima_donasi` int(11) NOT NULL,
  `required_cards` int(11) NOT NULL,
  `required_gold` int(11) NOT NULL,
  PRIMARY KEY (`rarity`)
) ENGINE=InnoDB DEFAULT CHARSET=utf8mb4 COLLATE=utf8mb4_unicode_ci;
/*!40101 SET character_set_client = @saved_cs_client */;

--
-- Dumping data for table `rarity_stats`
--

SET @OLD_AUTOCOMMIT=@@AUTOCOMMIT, @@AUTOCOMMIT=0;
LOCK TABLES `rarity_stats` WRITE;
/*!40000 ALTER TABLE `rarity_stats` DISABLE KEYS */;
INSERT INTO `rarity_stats` VALUES
('Common',40,2,5),
('Epic',4,10,400),
('Legendary',1,20,20000),
('Rare',10,4,50),
('Special-1',8,2,48608),
('Special-10',29,20,18241),
('Special-11',1,26,10473),
('Special-12',28,12,18220),
('Special-13',10,8,22069),
('Special-14',7,4,24908),
('Special-15',7,13,22551),
('Special-16',39,10,2857),
('Special-2',18,9,14638),
('Special-3',9,25,6727),
('Special-4',35,4,38708),
('Special-5',28,3,1962),
('Special-6',6,8,15257),
('Special-7',33,21,1749),
('Special-8',36,8,46935),
('Special-9',35,15,14456);
/*!40000 ALTER TABLE `rarity_stats` ENABLE KEYS */;
UNLOCK TABLES;
COMMIT;
SET AUTOCOMMIT=@OLD_AUTOCOMMIT;

--
-- Table structure for table `sihir`
--

DROP TABLE IF EXISTS `sihir`;
/*!40101 SET @saved_cs_client     = @@character_set_client */;
/*!40101 SET character_set_client = utf8mb4 */;
CREATE TABLE `sihir` (
  `kartu_id` int(11) NOT NULL,
  `radius_serangan` decimal(5,2) DEFAULT NULL,
  PRIMARY KEY (`kartu_id`),
  CONSTRAINT `1` FOREIGN KEY (`kartu_id`) REFERENCES `kartu` (`kartu_id`) ON DELETE CASCADE
) ENGINE=InnoDB DEFAULT CHARSET=utf8mb4 COLLATE=utf8mb4_unicode_ci;
/*!40101 SET character_set_client = @saved_cs_client */;

--
-- Dumping data for table `sihir`
--

SET @OLD_AUTOCOMMIT=@@AUTOCOMMIT, @@AUTOCOMMIT=0;
LOCK TABLES `sihir` WRITE;
/*!40000 ALTER TABLE `sihir` DISABLE KEYS */;
INSERT INTO `sihir` VALUES
(21,2.54),
(22,4.62),
(23,4.12),
(24,3.46),
(25,3.92),
(26,3.65),
(27,3.88),
(28,4.32),
(65,3.15),
(66,3.33),
(67,4.92),
(68,3.75),
(69,4.29),
(70,4.40),
(71,2.90),
(72,4.88),
(73,5.38),
(74,4.25),
(75,3.72),
(76,2.59),
(77,4.78),
(78,2.59),
(79,4.52),
(80,3.71),
(81,5.21),
(82,3.90),
(83,4.25),
(84,2.21),
(85,2.12),
(86,4.96),
(87,5.31),
(88,4.34),
(89,4.68),
(90,3.44),
(91,4.95),
(92,2.81),
(93,4.48),
(94,2.03),
(95,3.77),
(96,3.31),
(97,4.16),
(98,4.33),
(99,4.16),
(100,3.69),
(101,3.71),
(102,2.02),
(103,3.93),
(104,2.04),
(105,3.85),
(106,2.96);
/*!40000 ALTER TABLE `sihir` ENABLE KEYS */;
UNLOCK TABLES;
COMMIT;
SET AUTOCOMMIT=@OLD_AUTOCOMMIT;
/*!40103 SET TIME_ZONE=@OLD_TIME_ZONE */;

/*!40101 SET SQL_MODE=@OLD_SQL_MODE */;
/*!40014 SET FOREIGN_KEY_CHECKS=@OLD_FOREIGN_KEY_CHECKS */;
/*!40014 SET UNIQUE_CHECKS=@OLD_UNIQUE_CHECKS */;
/*!40101 SET CHARACTER_SET_CLIENT=@OLD_CHARACTER_SET_CLIENT */;
/*!40101 SET CHARACTER_SET_RESULTS=@OLD_CHARACTER_SET_RESULTS */;
/*!40101 SET COLLATION_CONNECTION=@OLD_COLLATION_CONNECTION */;
/*M!100616 SET NOTE_VERBOSITY=@OLD_NOTE_VERBOSITY */;

-- Dump completed on 2026-05-09 20:58:20
